Index,Level,TimeCreated,EventID,Provider
3,2,2025-12-28 21:38:36.370247+00:00,1040,Microsoft-Windows-TPM-WMI
16,3,2025-12-28 21:41:47.056322+00:00,10016,Microsoft-Windows-DistributedCOM
17,3,2025-12-28 21:41:47.058331+00:00,10016,Microsoft-Windows-DistributedCOM
29,2,2025-12-28 21:42:18.892159+00:00,7009,Service Control Manager
30,2,2025-12-28 21:42:18.892159+00:00,7000,Service Control Manager
31,3,2025-12-28 21:42:30.687923+00:00,10016,Microsoft-Windows-DistributedCOM
70,2,2025-12-28 21:43:32.808315+00:00,1801,Microsoft-Windows-TPM-WMI
73,3,2025-12-28 21:44:42.452097+00:00,1014,Microsoft-Windows-DNS-Client
77,3,2025-12-28 21:53:49.470882+00:00,10016,Microsoft-Windows-DistributedCOM
80,3,2025-12-28 21:53:56.020927+00:00,10016,Microsoft-Windows-DistributedCOM
81,3,2025-12-28 21:53:56.051891+00:00,10016,Microsoft-Windows-DistributedCOM
82,3,2025-12-28 21:53:58.350725+00:00,10016,Microsoft-Windows-DistributedCOM
83,3,2025-12-28 21:54:00.581690+00:00,10016,Microsoft-Windows-DistributedCOM
92,3,2025-12-29 06:25:40.737959+00:00,10016,Microsoft-Windows-DistributedCOM
93,3,2025-12-29 06:25:40.753960+00:00,10016,Microsoft-Windows-DistributedCOM
94,3,2025-12-29 06:25:43.296326+00:00,10016,Microsoft-Windows-DistributedCOM
95,3,2025-12-29 06:25:43.522871+00:00,10016,Microsoft-Windows-DistributedCOM
121,3,2025-12-29 11:31:13.940098+00:00,4266,Tcpip
138,3,2025-12-29 18:05:43.908421+00:00,10016,Microsoft-Windows-DistributedCOM
139,3,2025-12-29 18:05:43.945419+00:00,10016,Microsoft-Windows-DistributedCOM
140,3,2025-12-29 18:05:46.327257+00:00,10016,Microsoft-Windows-DistributedCOM
141,3,2025-12-29 18:05:47.326447+00:00,10016,Microsoft-Windows-DistributedCOM
187,3,2026-01-01 07:00:29.309610+00:00,10016,Microsoft-Windows-DistributedCOM
192,3,2026-01-01 07:00:47.627701+00:00,10016,Microsoft-Windows-DistributedCOM
193,3,2026-01-01 07:00:47.645700+00:00,10016,Microsoft-Windows-DistributedCOM
194,3,2026-01-01 07:00:50.208351+00:00,10016,Microsoft-Windows-DistributedCOM
195,3,2026-01-01 07:00:50.247866+00:00,10016,Microsoft-Windows-DistributedCOM
205,3,2026-01-01 16:28:16.393557+00:00,34,BTHUSB
234,3,2026-01-02 16:57:00.432150+00:00,34,BTHUSB
318,3,2026-01-03 16:07:10.977369+00:00,10016,Microsoft-Windows-DistributedCOM
319,3,2026-01-03 16:07:10.996880+00:00,10016,Microsoft-Windows-DistributedCOM
320,3,2026-01-03 16:07:13.298218+00:00,10016,Microsoft-Windows-DistributedCOM
321,3,2026-01-03 16:07:13.527239+00:00,10016,Microsoft-Windows-DistributedCOM
328,3,2026-01-03 17:05:46.637941+00:00,1014,Microsoft-Windows-DNS-Client
338,3,2026-01-04 06:46:16.545326+00:00,4266,Tcpip
388,3,2026-01-05 06:29:05.439205+00:00,10016,Microsoft-Windows-DistributedCOM
389,3,2026-01-05 06:29:05.459204+00:00,10016,Microsoft-Windows-DistributedCOM
390,3,2026-01-05 06:29:07.847696+00:00,10016,Microsoft-Windows-DistributedCOM
391,3,2026-01-05 06:29:08.839537+00:00,10016,Microsoft-Windows-DistributedCOM
430,3,2026-01-05 16:07:10.104866+00:00,10016,Microsoft-Windows-DistributedCOM
431,3,2026-01-05 16:07:10.121864+00:00,10016,Microsoft-Windows-DistributedCOM
432,3,2026-01-05 16:07:12.461565+00:00,10016,Microsoft-Windows-DistributedCOM
433,3,2026-01-05 16:07:12.475561+00:00,10016,Microsoft-Windows-DistributedCOM
469,3,2026-01-06 16:07:10.722616+00:00,10016,Microsoft-Windows-DistributedCOM
470,3,2026-01-06 16:07:10.747618+00:00,10016,Microsoft-Windows-DistributedCOM
471,3,2026-01-06 16:07:13.178310+00:00,10016,Microsoft-Windows-DistributedCOM
472,3,2026-01-06 16:07:13.344191+00:00,10016,Microsoft-Windows-DistributedCOM
506,3,2026-01-07 00:27:22.056250+00:00,4266,Tcpip
603,3,2026-01-07 16:07:10.832518+00:00,10016,Microsoft-Windows-DistributedCOM
604,3,2026-01-07 16:07:10.849529+00:00,10016,Microsoft-Windows-DistributedCOM
605,3,2026-01-07 16:07:13.225698+00:00,10016,Microsoft-Windows-DistributedCOM
606,3,2026-01-07 16:07:13.924013+00:00,10016,Microsoft-Windows-DistributedCOM
666,3,2026-01-07 17:33:30.131197+00:00,10016,Microsoft-Windows-DistributedCOM
671,3,2026-01-07 19:20:09.025877+00:00,1014,Microsoft-Windows-DNS-Client
672,3,2026-01-07 19:59:35.017466+00:00,2,HidBth
675,3,2026-01-07 21:58:16.011471+00:00,2,HidBth
695,3,2026-01-08 00:31:04.232655+00:00,2,HidBth
696,3,2026-01-08 00:31:49.357702+00:00,2,HidBth
775,3,2026-01-08 07:18:31.143831+00:00,134,Microsoft-Windows-Time-Service
780,3,2026-01-08 16:03:08.007061+00:00,134,Microsoft-Windows-Time-Service
782,3,2026-01-08 16:03:08.390442+00:00,34,BTHUSB
874,3,2026-01-08 22:13:40.265865+00:00,10016,Microsoft-Windows-DistributedCOM
875,3,2026-01-08 22:13:40.282864+00:00,10016,Microsoft-Windows-DistributedCOM
876,3,2026-01-08 22:13:42.540676+00:00,10016,Microsoft-Windows-DistributedCOM
877,3,2026-01-08 22:13:42.862469+00:00,10016,Microsoft-Windows-DistributedCOM
924,3,2026-01-09 07:00:47.184818+00:00,134,Microsoft-Windows-Time-Service
931,3,2026-01-09 17:02:16.392206+00:00,34,BTHUSB
962,3,2026-01-09 17:13:15.298582+00:00,10016,Microsoft-Windows-DistributedCOM
963,3,2026-01-09 17:13:15.364933+00:00,10016,Microsoft-Windows-DistributedCOM
964,3,2026-01-09 17:13:16.874866+00:00,10016,Microsoft-Windows-DistributedCOM
965,3,2026-01-09 17:13:17.753845+00:00,10016,Microsoft-Windows-DistributedCOM
970,3,2026-01-09 18:12:27.749166+00:00,4266,Tcpip
987,2,2026-01-10 02:37:32.684675+00:00,20,Microsoft-Windows-WindowsUpdateClient
1011,3,2026-01-10 07:42:50.398829+00:00,134,Microsoft-Windows-Time-Service
1016,3,2026-01-10 16:01:19.037977+00:00,134,Microsoft-Windows-Time-Service
1018,3,2026-01-10 16:01:19.406576+00:00,34,BTHUSB
1038,3,2026-01-10 16:11:17.913250+00:00,10016,Microsoft-Windows-DistributedCOM
1039,3,2026-01-10 16:11:17.931820+00:00,10016,Microsoft-Windows-DistributedCOM
1040,3,2026-01-10 16:11:20.136150+00:00,10016,Microsoft-Windows-DistributedCOM
1041,3,2026-01-10 16:11:21.174755+00:00,10016,Microsoft-Windows-DistributedCOM
1062,2,2026-01-11 05:24:01.754175+00:00,20,Microsoft-Windows-WindowsUpdateClient
1073,3,2026-01-11 16:18:16.400274+00:00,34,BTHUSB
1089,3,2026-01-11 16:18:27.349150+00:00,4266,Tcpip
1127,2,2026-01-11 23:51:09.053619+00:00,20,Microsoft-Windows-WindowsUpdateClient
1158,3,2026-01-12 16:07:10.865229+00:00,10016,Microsoft-Windows-DistributedCOM
1159,3,2026-01-12 16:07:10.887236+00:00,10016,Microsoft-Windows-DistributedCOM
1160,3,2026-01-12 16:07:13.360697+00:00,10016,Microsoft-Windows-DistributedCOM
1161,3,2026-01-12 16:07:13.467752+00:00,10016,Microsoft-Windows-DistributedCOM
1238,2,2026-01-12 23:59:11.010765+00:00,20,Microsoft-Windows-WindowsUpdateClient
1274,3,2026-01-13 16:07:10.583796+00:00,10016,Microsoft-Windows-DistributedCOM
1275,3,2026-01-13 16:07:10.595797+00:00,10016,Microsoft-Windows-DistributedCOM
1276,3,2026-01-13 16:07:13.023134+00:00,10016,Microsoft-Windows-DistributedCOM
1277,3,2026-01-13 16:07:13.890501+00:00,10016,Microsoft-Windows-DistributedCOM
1280,3,2026-01-13 16:42:44.296137+00:00,10016,Microsoft-Windows-DistributedCOM
1364,3,2026-01-13 22:14:50.486780+00:00,4266,Tcpip
1389,3,2026-01-14 08:05:09.433275+00:00,134,Microsoft-Windows-Time-Service
1394,3,2026-01-14 16:17:59.660765+00:00,134,Microsoft-Windows-Time-Service
1396,3,2026-01-14 16:18:00.375029+00:00,34,BTHUSB
1426,3,2026-01-14 16:21:12.689573+00:00,10016,Microsoft-Windows-DistributedCOM
1427,3,2026-01-14 16:21:12.710571+00:00,10016,Microsoft-Windows-DistributedCOM
1428,3,2026-01-14 16:21:14.721769+00:00,10016,Microsoft-Windows-DistributedCOM
1429,3,2026-01-14 16:21:15.264252+00:00,10016,Microsoft-Windows-DistributedCOM
1467,3,2026-01-14 18:10:36.093277+00:00,10016,Microsoft-Windows-DistributedCOM
1468,3,2026-01-14 18:10:36.167995+00:00,10016,Microsoft-Windows-DistributedCOM
1469,3,2026-01-14 18:10:36.258253+00:00,10016,Microsoft-Windows-DistributedCOM
1610,3,2026-01-15 05:07:18.380136+00:00,10016,Microsoft-Windows-DistributedCOM
1611,3,2026-01-15 06:15:52.586498+00:00,4266,Tcpip
1713,3,2026-01-15 08:30:17.874708+00:00,34,BTHUSB
1772,2,2026-01-15 08:30:29.299593+00:00,1040,Microsoft-Windows-TPM-WMI
1866,3,2026-01-15 08:31:50.589851+00:00,34,BTHUSB
1916,2,2026-01-15 08:31:59.434786+00:00,1040,Microsoft-Windows-TPM-WMI
1937,3,2026-01-15 08:34:01.909397+00:00,10016,Microsoft-Windows-DistributedCOM
1938,2,2026-01-15 08:37:01.738899+00:00,1801,Microsoft-Windows-TPM-WMI
1949,3,2026-01-15 15:39:04.793016+00:00,10016,Microsoft-Windows-DistributedCOM
1950,3,2026-01-15 15:39:04.793016+00:00,10016,Microsoft-Windows-DistributedCOM
1965,3,2026-01-15 15:40:02.031397+00:00,10016,Microsoft-Windows-DistributedCOM
2003,3,2026-01-15 15:41:35.899588+00:00,10016,Microsoft-Windows-DistributedCOM
2011,3,2026-01-15 15:51:05.393057+00:00,10016,Microsoft-Windows-DistributedCOM
2012,3,2026-01-15 15:51:11.816755+00:00,10016,Microsoft-Windows-DistributedCOM
2013,3,2026-01-15 15:51:11.838753+00:00,10016,Microsoft-Windows-DistributedCOM
2014,3,2026-01-15 15:51:14.116915+00:00,10016,Microsoft-Windows-DistributedCOM
2015,3,2026-01-15 15:54:05.348482+00:00,10016,Microsoft-Windows-DistributedCOM
2016,3,2026-01-15 15:54:05.464594+00:00,10016,Microsoft-Windows-DistributedCOM
2017,3,2026-01-15 15:54:05.566702+00:00,10016,Microsoft-Windows-DistributedCOM
2021,3,2026-01-15 16:08:56.816320+00:00,10016,Microsoft-Windows-DistributedCOM
2022,3,2026-01-15 16:08:56.835354+00:00,10016,Microsoft-Windows-DistributedCOM
2023,3,2026-01-15 16:08:59.135723+00:00,10016,Microsoft-Windows-DistributedCOM
2024,3,2026-01-15 16:09:00.520037+00:00,10016,Microsoft-Windows-DistributedCOM
2037,3,2026-01-15 20:05:25.698498+00:00,4266,Tcpip
2139,3,2026-01-16 18:09:09.940474+00:00,10016,Microsoft-Windows-DistributedCOM
2140,3,2026-01-16 18:09:09.959326+00:00,10016,Microsoft-Windows-DistributedCOM
2141,3,2026-01-16 18:09:12.701460+00:00,10016,Microsoft-Windows-DistributedCOM
2142,3,2026-01-16 18:09:12.945499+00:00,10016,Microsoft-Windows-DistributedCOM
2145,3,2026-01-16 18:32:22.863848+00:00,10016,Microsoft-Windows-DistributedCOM
2146,3,2026-01-16 18:32:22.942188+00:00,10016,Microsoft-Windows-DistributedCOM
2147,3,2026-01-16 18:32:23.100565+00:00,10016,Microsoft-Windows-DistributedCOM
2154,3,2026-01-16 18:53:11.027670+00:00,2004,Microsoft-Windows-Resource-Exhaustion-Detector
2161,3,2026-01-16 20:46:36.651327+00:00,10016,Microsoft-Windows-DistributedCOM
2162,3,2026-01-16 20:46:36.735706+00:00,10016,Microsoft-Windows-DistributedCOM
2163,3,2026-01-16 20:46:36.822447+00:00,10016,Microsoft-Windows-DistributedCOM
2164,3,2026-01-16 22:55:31.726725+00:00,1014,Microsoft-Windows-DNS-Client
2172,3,2026-01-17 04:16:54.421968+00:00,4266,Tcpip
2204,2,2026-01-17 16:15:51.514915+00:00,1040,Microsoft-Windows-TPM-WMI
2206,3,2026-01-17 16:15:51.719728+00:00,34,BTHUSB
2224,3,2026-01-17 16:15:54.790895+00:00,10016,Microsoft-Windows-DistributedCOM
2225,3,2026-01-17 16:15:54.792639+00:00,10016,Microsoft-Windows-DistributedCOM
2261,3,2026-01-17 16:21:54.641870+00:00,10016,Microsoft-Windows-DistributedCOM
2262,3,2026-01-17 16:22:00.927462+00:00,10016,Microsoft-Windows-DistributedCOM
2263,3,2026-01-17 16:22:00.941011+00:00,10016,Microsoft-Windows-DistributedCOM
2264,3,2026-01-17 16:22:03.450737+00:00,10016,Microsoft-Windows-DistributedCOM
2265,3,2026-01-17 16:22:05.552546+00:00,10016,Microsoft-Windows-DistributedCOM
2281,3,2026-01-17 16:48:54.686140+00:00,10016,Microsoft-Windows-DistributedCOM
2285,3,2026-01-17 16:50:52.401403+00:00,10016,Microsoft-Windows-DistributedCOM
2305,2,2026-01-17 20:25:56.450634+00:00,20,Microsoft-Windows-WindowsUpdateClient
2329,2,2026-01-18 06:08:58.927301+00:00,20,Microsoft-Windows-WindowsUpdateClient
2350,3,2026-01-18 16:07:10.677904+00:00,10016,Microsoft-Windows-DistributedCOM
2351,3,2026-01-18 16:07:10.694906+00:00,10016,Microsoft-Windows-DistributedCOM
2352,3,2026-01-18 16:07:13.086300+00:00,10016,Microsoft-Windows-DistributedCOM
2353,3,2026-01-18 16:07:13.966593+00:00,10016,Microsoft-Windows-DistributedCOM
2396,3,2026-01-18 23:20:44.191948+00:00,4266,Tcpip
2397,3,2026-01-18 23:35:11.295382+00:00,10016,Microsoft-Windows-DistributedCOM
2486,3,2026-01-19 00:45:07.392420+00:00,1014,Microsoft-Windows-DNS-Client
2487,3,2026-01-19 00:51:49.865850+00:00,10016,Microsoft-Windows-DistributedCOM
2488,3,2026-01-19 00:52:32.491859+00:00,10016,Microsoft-Windows-DistributedCOM
2491,3,2026-01-19 01:38:56.984581+00:00,2,HidBth
2497,3,2026-01-19 05:58:08.910868+00:00,2,HidBth
2520,3,2026-01-19 16:16:19.351200+00:00,34,BTHUSB
2540,3,2026-01-19 16:16:27.553137+00:00,10016,Microsoft-Windows-DistributedCOM
2541,3,2026-01-19 16:16:27.592278+00:00,10016,Microsoft-Windows-DistributedCOM
2543,3,2026-01-19 16:16:30.351063+00:00,10016,Microsoft-Windows-DistributedCOM
2544,3,2026-01-19 16:16:30.601198+00:00,10016,Microsoft-Windows-DistributedCOM
2552,3,2026-01-19 18:27:14.787722+00:00,2,HidBth
2568,3,2026-01-19 22:18:57.916004+00:00,2,HidBth
2588,3,2026-01-20 05:02:55.088306+00:00,1014,Microsoft-Windows-DNS-Client
2602,3,2026-01-20 15:47:42.232004+00:00,134,Microsoft-Windows-Time-Service
2604,3,2026-01-20 15:47:42.399864+00:00,34,BTHUSB
2647,3,2026-01-20 18:01:39.919163+00:00,4266,Tcpip
2652,3,2026-01-20 18:06:34.152109+00:00,10016,Microsoft-Windows-DistributedCOM
2653,3,2026-01-20 18:06:34.183111+00:00,10016,Microsoft-Windows-DistributedCOM
2654,3,2026-01-20 18:06:36.540552+00:00,10016,Microsoft-Windows-DistributedCOM
2655,3,2026-01-20 18:06:37.519653+00:00,10016,Microsoft-Windows-DistributedCOM
2659,3,2026-01-20 19:31:35.687664+00:00,2,HidBth
2728,2,2026-01-21 00:52:41.496635+00:00,20,Microsoft-Windows-WindowsUpdateClient
2757,3,2026-01-21 13:54:32.359175+00:00,34,BTHUSB
2774,3,2026-01-21 13:55:37.291414+00:00,10016,Microsoft-Windows-DistributedCOM
2780,3,2026-01-21 13:57:52.921083+00:00,10016,Microsoft-Windows-DistributedCOM
2781,3,2026-01-21 13:57:53.033705+00:00,10016,Microsoft-Windows-DistributedCOM
2782,3,2026-01-21 13:57:53.166327+00:00,10016,Microsoft-Windows-DistributedCOM
2797,2,2026-01-21 14:41:13.168541+00:00,20,Microsoft-Windows-WindowsUpdateClient
2800,2,2026-01-21 14:41:27.345106+00:00,20,Microsoft-Windows-WindowsUpdateClient
2816,3,2026-01-21 21:49:49.920084+00:00,4266,Tcpip
2897,3,2026-01-22 15:41:14.354080+00:00,34,BTHUSB
3045,3,2026-01-22 22:16:37.387760+00:00,1014,Microsoft-Windows-DNS-Client
3046,3,2026-01-22 23:21:55.177279+00:00,4266,Tcpip
3057,2,2026-01-23 01:19:41.239454+00:00,20,Microsoft-Windows-WindowsUpdateClient
3059,2,2026-01-23 01:19:42.323057+00:00,20,Microsoft-Windows-WindowsUpdateClient
3138,3,2026-01-23 15:15:45.349154+00:00,34,BTHUSB
3155,3,2026-01-23 15:20:20.438122+00:00,10016,Microsoft-Windows-DistributedCOM
3182,3,2026-01-23 18:32:35.228952+00:00,2,HidBth
3194,3,2026-01-23 23:53:02.743324+00:00,2,HidBth
3198,3,2026-01-24 01:22:31.868561+00:00,1014,Microsoft-Windows-DNS-Client
3218,2,2026-01-24 07:01:03.479080+00:00,20,Microsoft-Windows-WindowsUpdateClient
3222,2,2026-01-24 07:01:11.884848+00:00,20,Microsoft-Windows-WindowsUpdateClient
3291,3,2026-01-24 16:03:41.186331+00:00,4266,Tcpip
3306,3,2026-01-24 18:44:27.111258+00:00,2,HidBth
3311,2,2026-01-24 18:54:33.504656+00:00,20,Microsoft-Windows-WindowsUpdateClient
3312,2,2026-01-24 18:54:33.514166+00:00,20,Microsoft-Windows-WindowsUpdateClient
3315,3,2026-01-24 22:57:13.477346+00:00,2,HidBth
3333,3,2026-01-24 23:21:37.720009+00:00,1014,Microsoft-Windows-DNS-Client
3392,3,2026-01-25 17:32:53.287901+00:00,2,HidBth
3413,3,2026-01-25 17:59:06.599348+00:00,2,HidBth
3416,3,2026-01-25 18:33:39.481676+00:00,2,HidBth
3454,2,2026-01-25 21:34:32.858305+00:00,20,Microsoft-Windows-WindowsUpdateClient
3455,2,2026-01-25 21:34:32.875523+00:00,20,Microsoft-Windows-WindowsUpdateClient
3458,3,2026-01-25 22:48:21.889256+00:00,4266,Tcpip
3461,3,2026-01-26 01:27:04.357336+00:00,1014,Microsoft-Windows-DNS-Client
3494,3,2026-01-26 14:56:09.393660+00:00,34,BTHUSB
3519,3,2026-01-26 15:21:03.659904+00:00,10016,Microsoft-Windows-DistributedCOM
3520,3,2026-01-26 15:21:03.750198+00:00,10016,Microsoft-Windows-DistributedCOM
3521,3,2026-01-26 15:21:03.915129+00:00,10016,Microsoft-Windows-DistributedCOM
3526,3,2026-01-26 18:38:25.350882+00:00,2,HidBth
3527,3,2026-01-26 18:43:45.229540+00:00,2,HidBth
3544,2,2026-01-26 19:25:46.157303+00:00,20,Microsoft-Windows-WindowsUpdateClient
3545,2,2026-01-26 19:25:46.188335+00:00,20,Microsoft-Windows-WindowsUpdateClient
3583,3,2026-01-26 21:34:18.688063+00:00,1014,Microsoft-Windows-DNS-Client
3687,3,2026-01-27 16:34:53.860247+00:00,1014,Microsoft-Windows-DNS-Client
3692,3,2026-01-27 17:03:53.712751+00:00,2,HidBth
3764,3,2026-01-27 19:54:31.695110+00:00,4266,Tcpip
3768,3,2026-01-27 20:42:57.935907+00:00,10016,Microsoft-Windows-DistributedCOM
3769,3,2026-01-27 20:42:58.020634+00:00,10016,Microsoft-Windows-DistributedCOM
3770,3,2026-01-27 20:42:58.188044+00:00,10016,Microsoft-Windows-DistributedCOM
3775,3,2026-01-27 21:16:55.438013+00:00,2,HidBth
3784,3,2026-01-27 23:04:48.939758+00:00,2,HidBth
3792,2,2026-01-27 23:09:51.856300+00:00,20,Microsoft-Windows-WindowsUpdateClient
3801,2,2026-01-27 23:10:11.690420+00:00,20,Microsoft-Windows-WindowsUpdateClient
3811,2,2026-01-27 23:10:23.926193+00:00,20,Microsoft-Windows-WindowsUpdateClient
3839,3,2026-01-28 14:25:42.395374+00:00,34,BTHUSB
3856,3,2026-01-28 14:26:15.503622+00:00,1014,Microsoft-Windows-DNS-Client
3869,3,2026-01-28 14:39:20.848530+00:00,10016,Microsoft-Windows-DistributedCOM
3870,3,2026-01-28 14:39:20.979666+00:00,10016,Microsoft-Windows-DistributedCOM
3871,3,2026-01-28 14:39:21.103464+00:00,10016,Microsoft-Windows-DistributedCOM
3883,3,2026-01-28 18:16:20.695976+00:00,10016,Microsoft-Windows-DistributedCOM
3884,3,2026-01-28 18:16:20.778646+00:00,10016,Microsoft-Windows-DistributedCOM
3885,3,2026-01-28 18:16:20.856234+00:00,10016,Microsoft-Windows-DistributedCOM
3889,3,2026-01-28 20:43:31.868547+00:00,10016,Microsoft-Windows-DistributedCOM
3890,3,2026-01-28 20:43:31.964550+00:00,10016,Microsoft-Windows-DistributedCOM
3891,3,2026-01-28 20:43:32.056549+00:00,10016,Microsoft-Windows-DistributedCOM
3894,3,2026-01-28 22:11:22.364445+00:00,10016,Microsoft-Windows-DistributedCOM
3951,2,2026-01-28 22:32:43.043955+00:00,20,Microsoft-Windows-WindowsUpdateClient
3953,2,2026-01-28 22:32:43.722370+00:00,20,Microsoft-Windows-WindowsUpdateClient
3971,2,2026-01-28 22:33:34.374546+00:00,20,Microsoft-Windows-WindowsUpdateClient
3977,3,2026-01-29 00:39:39.139908+00:00,4266,Tcpip
4111,3,2026-01-29 04:50:03.489136+00:00,34,BTHUSB
4174,2,2026-01-29 04:50:12.122765+00:00,1040,Microsoft-Windows-TPM-WMI
4254,3,2026-01-29 14:42:14.409063+00:00,34,BTHUSB
4308,2,2026-01-29 14:42:23.990429+00:00,1040,Microsoft-Windows-TPM-WMI
4325,3,2026-01-29 14:42:52.151371+00:00,10016,Microsoft-Windows-DistributedCOM
4326,3,2026-01-29 14:42:52.151371+00:00,10016,Microsoft-Windows-DistributedCOM
4346,2,2026-01-29 14:43:56.694965+00:00,7009,Service Control Manager
4347,2,2026-01-29 14:43:56.694965+00:00,7000,Service Control Manager
4379,3,2026-01-29 14:44:10.093378+00:00,10016,Microsoft-Windows-DistributedCOM
4384,3,2026-01-29 14:44:30.397606+00:00,10016,Microsoft-Windows-DistributedCOM
4385,3,2026-01-29 14:44:30.397606+00:00,10016,Microsoft-Windows-DistributedCOM
4386,3,2026-01-29 14:44:30.397606+00:00,10016,Microsoft-Windows-DistributedCOM
4388,3,2026-01-29 14:46:04.524170+00:00,10016,Microsoft-Windows-DistributedCOM
4390,2,2026-01-29 14:47:26.965378+00:00,1801,Microsoft-Windows-TPM-WMI
4391,3,2026-01-29 14:47:59.280655+00:00,10016,Microsoft-Windows-DistributedCOM
4420,3,2026-01-29 14:51:20.408621+00:00,10016,Microsoft-Windows-DistributedCOM
4422,3,2026-01-29 14:51:25.529522+00:00,10016,Microsoft-Windows-DistributedCOM
4423,3,2026-01-29 14:51:25.556519+00:00,10016,Microsoft-Windows-DistributedCOM
4424,3,2026-01-29 14:51:28.088814+00:00,10016,Microsoft-Windows-DistributedCOM
4432,3,2026-01-29 15:19:35.970392+00:00,4266,Tcpip
4434,3,2026-01-29 15:42:13.141424+00:00,2,HidBth
4438,3,2026-01-29 16:31:15.554474+00:00,10016,Microsoft-Windows-DistributedCOM
4439,3,2026-01-29 16:31:15.595720+00:00,10016,Microsoft-Windows-DistributedCOM
4440,3,2026-01-29 16:31:17.613983+00:00,10016,Microsoft-Windows-DistributedCOM
4441,3,2026-01-29 16:31:17.716496+00:00,10016,Microsoft-Windows-DistributedCOM
4444,3,2026-01-29 17:41:59.544905+00:00,2,HidBth
4447,3,2026-01-29 18:33:08.549709+00:00,2,HidBth
4489,3,2026-01-29 20:08:03.895369+00:00,10016,Microsoft-Windows-DistributedCOM
4490,3,2026-01-29 20:08:03.973442+00:00,10016,Microsoft-Windows-DistributedCOM
4491,3,2026-01-29 20:08:04.111387+00:00,10016,Microsoft-Windows-DistributedCOM
4493,3,2026-01-29 21:56:16.292212+00:00,1014,Microsoft-Windows-DNS-Client
4506,2,2026-01-29 22:05:34.219572+00:00,20,Microsoft-Windows-WindowsUpdateClient
4621,2,2026-01-30 14:07:08.525766+00:00,1040,Microsoft-Windows-TPM-WMI
4623,3,2026-01-30 14:07:08.772821+00:00,34,BTHUSB
4645,3,2026-01-30 14:07:11.454290+00:00,10016,Microsoft-Windows-DistributedCOM
4646,3,2026-01-30 14:07:11.458540+00:00,10016,Microsoft-Windows-DistributedCOM
4681,3,2026-01-30 14:08:04.238138+00:00,10016,Microsoft-Windows-DistributedCOM
4684,3,2026-01-30 14:10:49.347490+00:00,10016,Microsoft-Windows-DistributedCOM
4685,3,2026-01-30 14:10:49.352491+00:00,10016,Microsoft-Windows-DistributedCOM
4686,3,2026-01-30 14:13:13.262260+00:00,10016,Microsoft-Windows-DistributedCOM
4687,3,2026-01-30 14:13:19.790600+00:00,10016,Microsoft-Windows-DistributedCOM
4688,3,2026-01-30 14:13:19.817629+00:00,10016,Microsoft-Windows-DistributedCOM
4689,3,2026-01-30 14:13:22.446840+00:00,10016,Microsoft-Windows-DistributedCOM
4690,3,2026-01-30 14:13:24.345234+00:00,10016,Microsoft-Windows-DistributedCOM
4699,3,2026-01-30 16:08:39.757881+00:00,2,HidBth
4701,3,2026-01-30 16:28:34.359505+00:00,10016,Microsoft-Windows-DistributedCOM
4702,3,2026-01-30 16:28:34.380032+00:00,10016,Microsoft-Windows-DistributedCOM
4703,3,2026-01-30 16:28:36.499609+00:00,10016,Microsoft-Windows-DistributedCOM
4704,3,2026-01-30 16:28:36.500610+00:00,10016,Microsoft-Windows-DistributedCOM
4705,3,2026-01-30 16:33:15.191685+00:00,4266,Tcpip
4710,3,2026-01-30 19:10:01.850733+00:00,2,HidBth
4713,3,2026-01-30 19:29:48.774260+00:00,10016,Microsoft-Windows-DistributedCOM
4714,3,2026-01-30 19:29:48.852257+00:00,10016,Microsoft-Windows-DistributedCOM
4715,3,2026-01-30 19:29:48.996256+00:00,10016,Microsoft-Windows-DistributedCOM
4720,3,2026-01-30 20:30:05.788404+00:00,1014,Microsoft-Windows-DNS-Client
4729,2,2026-01-30 22:44:45.248138+00:00,20,Microsoft-Windows-WindowsUpdateClient
4730,2,2026-01-30 23:31:53.371849+00:00,10010,Microsoft-Windows-DistributedCOM
4757,3,2026-01-31 06:51:03.414190+00:00,2,HidBth
4771,3,2026-01-31 11:15:35.397779+00:00,34,BTHUSB
4796,2,2026-01-31 14:20:47.025463+00:00,10010,Microsoft-Windows-DistributedCOM
4803,3,2026-01-31 16:34:05.185268+00:00,10016,Microsoft-Windows-DistributedCOM
4804,3,2026-01-31 16:34:05.206829+00:00,10016,Microsoft-Windows-DistributedCOM
4805,3,2026-01-31 16:34:07.598013+00:00,10016,Microsoft-Windows-DistributedCOM
4806,3,2026-01-31 16:34:08.001371+00:00,10016,Microsoft-Windows-DistributedCOM
4807,2,2026-01-31 16:34:29.676281+00:00,10010,Microsoft-Windows-DistributedCOM
4808,3,2026-01-31 16:48:03.188139+00:00,4266,Tcpip
4810,3,2026-01-31 17:46:04.941191+00:00,2,HidBth
4823,3,2026-01-31 18:19:22.606810+00:00,1014,Microsoft-Windows-DNS-Client
4824,3,2026-01-31 20:10:08.798979+00:00,10016,Microsoft-Windows-DistributedCOM
4844,3,2026-02-01 00:13:01.758892+00:00,2,HidBth
4891,3,2026-02-01 20:42:05.382290+00:00,34,BTHUSB
4917,3,2026-02-01 20:43:45.638746+00:00,10016,Microsoft-Windows-DistributedCOM
4918,3,2026-02-01 20:43:45.823257+00:00,10016,Microsoft-Windows-DistributedCOM
4919,3,2026-02-01 20:43:49.193893+00:00,10016,Microsoft-Windows-DistributedCOM
4920,3,2026-02-01 20:43:50.488371+00:00,10016,Microsoft-Windows-DistributedCOM
4966,3,2026-02-01 23:05:01.872625+00:00,4266,Tcpip
4981,3,2026-02-02 01:07:23.767057+00:00,2,HidBth
5021,3,2026-02-02 16:08:14.075434+00:00,34,BTHUSB
5044,3,2026-02-02 16:08:16.884094+00:00,10016,Microsoft-Windows-DistributedCOM
5045,3,2026-02-02 16:08:16.887333+00:00,10016,Microsoft-Windows-DistributedCOM
5047,2,2026-02-02 16:08:23.253872+00:00,1040,Microsoft-Windows-TPM-WMI
5093,3,2026-02-02 16:09:22.605053+00:00,10016,Microsoft-Windows-DistributedCOM
5095,3,2026-02-02 16:10:05.793158+00:00,10016,Microsoft-Windows-DistributedCOM
5097,3,2026-02-02 16:14:17.008476+00:00,10016,Microsoft-Windows-DistributedCOM
5098,3,2026-02-02 16:14:23.291388+00:00,10016,Microsoft-Windows-DistributedCOM
5099,3,2026-02-02 16:14:23.314915+00:00,10016,Microsoft-Windows-DistributedCOM
5100,3,2026-02-02 16:14:25.663057+00:00,10016,Microsoft-Windows-DistributedCOM
5104,3,2026-02-02 16:36:39.290115+00:00,10016,Microsoft-Windows-DistributedCOM
5105,3,2026-02-02 16:37:02.875555+00:00,10016,Microsoft-Windows-DistributedCOM
5106,3,2026-02-02 16:37:02.890631+00:00,10016,Microsoft-Windows-DistributedCOM
5107,3,2026-02-02 16:37:04.338097+00:00,10016,Microsoft-Windows-DistributedCOM
5108,3,2026-02-02 16:37:05.027763+00:00,10016,Microsoft-Windows-DistributedCOM
5123,3,2026-02-02 19:39:25.532219+00:00,10016,Microsoft-Windows-DistributedCOM
5124,3,2026-02-02 19:39:25.619848+00:00,10016,Microsoft-Windows-DistributedCOM
5125,3,2026-02-02 19:39:25.792286+00:00,10016,Microsoft-Windows-DistributedCOM
5126,3,2026-02-02 20:04:35.513317+00:00,2,HidBth
5137,3,2026-02-02 22:14:58.954079+00:00,1014,Microsoft-Windows-DNS-Client
5204,3,2026-02-03 05:49:33.698151+00:00,2,HidBth
5218,3,2026-02-03 10:12:32.405018+00:00,34,BTHUSB
5269,3,2026-02-03 14:44:21.021889+00:00,1014,Microsoft-Windows-DNS-Client
5270,3,2026-02-03 16:13:19.852131+00:00,2,HidBth
5276,3,2026-02-03 16:34:00.211222+00:00,10016,Microsoft-Windows-DistributedCOM
5277,3,2026-02-03 16:34:00.236784+00:00,10016,Microsoft-Windows-DistributedCOM
5278,3,2026-02-03 16:34:02.307114+00:00,10016,Microsoft-Windows-DistributedCOM
5279,3,2026-02-03 16:34:03.162027+00:00,10016,Microsoft-Windows-DistributedCOM
5284,3,2026-02-03 18:22:37.981997+00:00,4266,Tcpip
5285,3,2026-02-03 18:59:46.905256+00:00,2,HidBth
5309,3,2026-02-03 20:03:49.609312+00:00,10016,Microsoft-Windows-DistributedCOM
5310,3,2026-02-03 20:03:49.689539+00:00,10016,Microsoft-Windows-DistributedCOM
5311,3,2026-02-03 20:03:49.850912+00:00,10016,Microsoft-Windows-DistributedCOM
5489,3,2026-02-04 00:20:30.278587+00:00,34,BTHUSB
5542,2,2026-02-04 00:20:37.451584+00:00,1040,Microsoft-Windows-TPM-WMI
5554,3,2026-02-04 00:20:38.241724+00:00,10016,Microsoft-Windows-DistributedCOM
5555,3,2026-02-04 00:20:38.242725+00:00,10016,Microsoft-Windows-DistributedCOM
5571,3,2026-02-04 00:21:01.161703+00:00,10016,Microsoft-Windows-DistributedCOM
5606,3,2026-02-04 00:21:18.955101+00:00,10016,Microsoft-Windows-DistributedCOM
5608,3,2026-02-04 00:22:39.069469+00:00,10016,Microsoft-Windows-DistributedCOM
5609,3,2026-02-04 00:22:39.069469+00:00,10016,Microsoft-Windows-DistributedCOM
5610,3,2026-02-04 00:22:39.069469+00:00,10016,Microsoft-Windows-DistributedCOM
5611,2,2026-02-04 00:25:41.237352+00:00,1801,Microsoft-Windows-TPM-WMI
5615,3,2026-02-04 00:32:40.918732+00:00,10016,Microsoft-Windows-DistributedCOM
5616,3,2026-02-04 00:32:46.904734+00:00,10016,Microsoft-Windows-DistributedCOM
5617,3,2026-02-04 00:32:46.956196+00:00,10016,Microsoft-Windows-DistributedCOM
5618,3,2026-02-04 00:32:48.931450+00:00,10016,Microsoft-Windows-DistributedCOM
5702,3,2026-02-04 14:51:13.686447+00:00,4266,Tcpip
5706,3,2026-02-04 15:21:20.189798+00:00,1014,Microsoft-Windows-DNS-Client
5736,3,2026-02-04 17:18:07.335619+00:00,10016,Microsoft-Windows-DistributedCOM
5737,3,2026-02-04 17:41:55.053370+00:00,2,HidBth
5740,3,2026-02-04 18:19:08.467970+00:00,10016,Microsoft-Windows-DistributedCOM
5741,3,2026-02-04 18:19:08.493338+00:00,10016,Microsoft-Windows-DistributedCOM
5742,3,2026-02-04 18:19:13.070145+00:00,10016,Microsoft-Windows-DistributedCOM
5743,3,2026-02-04 18:19:19.312067+00:00,10016,Microsoft-Windows-DistributedCOM
5745,3,2026-02-04 18:40:20.050463+00:00,2,HidBth
5759,3,2026-02-04 19:39:16.714802+00:00,10016,Microsoft-Windows-DistributedCOM
5760,3,2026-02-04 19:39:16.738806+00:00,10016,Microsoft-Windows-DistributedCOM
5761,3,2026-02-04 19:39:16.799286+00:00,10016,Microsoft-Windows-DistributedCOM
5812,3,2026-02-05 13:48:55.397022+00:00,34,BTHUSB
5835,3,2026-02-05 14:43:02.504290+00:00,10016,Microsoft-Windows-DistributedCOM
5838,3,2026-02-05 16:40:24.678640+00:00,4266,Tcpip
5844,3,2026-02-05 19:05:07.781546+00:00,10016,Microsoft-Windows-DistributedCOM
5845,3,2026-02-05 19:05:07.806782+00:00,10016,Microsoft-Windows-DistributedCOM
5846,3,2026-02-05 19:05:07.868179+00:00,10016,Microsoft-Windows-DistributedCOM
5848,3,2026-02-05 19:20:13.812010+00:00,2,HidBth
5851,3,2026-02-05 19:54:56.797173+00:00,2,HidBth
5854,3,2026-02-05 20:02:27.442837+00:00,2,HidBth
5857,3,2026-02-05 20:20:22.675035+00:00,2,HidBth
5858,3,2026-02-05 21:08:40.860563+00:00,2,HidBth
5861,3,2026-02-05 21:24:02.904440+00:00,1014,Microsoft-Windows-DNS-Client
5935,3,2026-02-06 02:18:47.842945+00:00,1014,Microsoft-Windows-DNS-Client
5951,3,2026-02-06 11:17:55.390335+00:00,34,BTHUSB
6010,3,2026-02-06 15:10:51.460840+00:00,1014,Microsoft-Windows-DNS-Client
6011,2,2026-02-06 15:11:45.215725+00:00,3505,Microsoft-Windows-DeviceAssociationService
6012,2,2026-02-06 15:11:45.215405+00:00,16,BTHUSB
6017,3,2026-02-06 15:13:14.263754+00:00,3,BTHUSB
6018,3,2026-02-06 15:28:08.890739+00:00,10016,Microsoft-Windows-DistributedCOM
6020,3,2026-02-06 17:04:47.867504+00:00,10016,Microsoft-Windows-DistributedCOM
6035,3,2026-02-06 18:20:14.191942+00:00,2,HidBth
6103,3,2026-02-07 17:20:18.657351+00:00,2,HidBth
6123,3,2026-02-07 18:18:12.533846+00:00,2,HidBth
6126,3,2026-02-07 19:34:17.105555+00:00,2,HidBth
6142,3,2026-02-08 05:57:20.253763+00:00,4266,Tcpip
6183,3,2026-02-08 14:55:22.202057+00:00,2,HidBth
6225,3,2026-02-09 12:53:32.388556+00:00,34,BTHUSB
6254,3,2026-02-09 14:13:19.986887+00:00,1014,Microsoft-Windows-DNS-Client
6272,3,2026-02-09 17:06:36.024818+00:00,4266,Tcpip
6349,3,2026-02-09 22:25:28.413889+00:00,10016,Microsoft-Windows-DistributedCOM
6350,3,2026-02-09 22:25:28.438440+00:00,10016,Microsoft-Windows-DistributedCOM
6351,3,2026-02-09 22:25:28.489506+00:00,10016,Microsoft-Windows-DistributedCOM
6372,3,2026-02-10 02:44:44.201960+00:00,10016,Microsoft-Windows-DistributedCOM
6373,3,2026-02-10 02:44:44.231968+00:00,10016,Microsoft-Windows-DistributedCOM
6374,3,2026-02-10 02:44:44.276991+00:00,10016,Microsoft-Windows-DistributedCOM
6403,3,2026-02-10 04:00:37.354910+00:00,34,BTHUSB
6422,3,2026-02-10 04:21:04.179428+00:00,10016,Microsoft-Windows-DistributedCOM
6423,3,2026-02-10 04:21:04.209991+00:00,10016,Microsoft-Windows-DistributedCOM
6424,3,2026-02-10 04:21:04.261263+00:00,10016,Microsoft-Windows-DistributedCOM
6438,3,2026-02-10 12:27:46.394270+00:00,34,BTHUSB
6495,3,2026-02-10 21:31:13.508600+00:00,4266,Tcpip
6507,2,2026-02-10 22:31:01.009159+00:00,20,Microsoft-Windows-WindowsUpdateClient
6531,2,2026-02-11 03:19:32.290871+00:00,7031,Service Control Manager
6535,2,2026-02-11 03:20:47.923714+00:00,7031,Service Control Manager
6539,3,2026-02-11 03:29:42.268047+00:00,1014,Microsoft-Windows-DNS-Client
6564,3,2026-02-11 12:53:13.378750+00:00,34,BTHUSB
6583,3,2026-02-11 12:57:26.841253+00:00,10016,Microsoft-Windows-DistributedCOM
6584,3,2026-02-11 12:57:26.870255+00:00,10016,Microsoft-Windows-DistributedCOM
6585,3,2026-02-11 12:57:26.921253+00:00,10016,Microsoft-Windows-DistributedCOM
6859,3,2026-02-12 08:30:33.352989+00:00,34,BTHUSB
6922,2,2026-02-12 08:30:43.744535+00:00,1040,Microsoft-Windows-TPM-WMI
7032,3,2026-02-12 08:32:12.208973+00:00,34,BTHUSB
7082,2,2026-02-12 08:32:21.333599+00:00,1040,Microsoft-Windows-TPM-WMI
7094,3,2026-02-12 08:34:23.570972+00:00,10016,Microsoft-Windows-DistributedCOM
7095,2,2026-02-12 08:37:19.533432+00:00,1801,Microsoft-Windows-TPM-WMI
7107,3,2026-02-12 16:07:42.081680+00:00,10016,Microsoft-Windows-DistributedCOM
7108,3,2026-02-12 16:07:42.081680+00:00,10016,Microsoft-Windows-DistributedCOM
7159,3,2026-02-12 16:08:21.438141+00:00,10016,Microsoft-Windows-DistributedCOM
7192,3,2026-02-12 16:11:35.110199+00:00,10016,Microsoft-Windows-DistributedCOM
7197,3,2026-02-12 16:19:43.285833+00:00,10016,Microsoft-Windows-DistributedCOM
7200,3,2026-02-12 16:19:48.631666+00:00,10016,Microsoft-Windows-DistributedCOM
7201,3,2026-02-12 16:19:48.659666+00:00,10016,Microsoft-Windows-DistributedCOM
7202,3,2026-02-12 16:19:51.112867+00:00,10016,Microsoft-Windows-DistributedCOM
7265,3,2026-02-12 22:27:23.026848+00:00,4266,Tcpip
7266,3,2026-02-12 22:38:31.197842+00:00,10016,Microsoft-Windows-DistributedCOM
7297,3,2026-02-13 13:02:24.379320+00:00,34,BTHUSB
7374,3,2026-02-13 14:32:28.268377+00:00,10016,Microsoft-Windows-DistributedCOM
7375,3,2026-02-13 14:32:28.292374+00:00,10016,Microsoft-Windows-DistributedCOM
7376,3,2026-02-13 14:32:28.382397+00:00,10016,Microsoft-Windows-DistributedCOM
7378,3,2026-02-13 16:07:26.092247+00:00,10016,Microsoft-Windows-DistributedCOM
7379,3,2026-02-13 16:07:26.109262+00:00,10016,Microsoft-Windows-DistributedCOM
7380,3,2026-02-13 16:07:28.214903+00:00,10016,Microsoft-Windows-DistributedCOM
7381,3,2026-02-13 16:07:28.871183+00:00,10016,Microsoft-Windows-DistributedCOM
7386,3,2026-02-13 17:43:39.853752+00:00,10016,Microsoft-Windows-DistributedCOM
7387,3,2026-02-13 17:43:39.879751+00:00,10016,Microsoft-Windows-DistributedCOM
7388,3,2026-02-13 17:43:39.971748+00:00,10016,Microsoft-Windows-DistributedCOM
7407,2,2026-02-13 21:59:12.847418+00:00,20,Microsoft-Windows-WindowsUpdateClient
7410,2,2026-02-13 21:59:22.193144+00:00,20,Microsoft-Windows-WindowsUpdateClient
7417,3,2026-02-14 01:43:10.908070+00:00,4266,Tcpip
7443,3,2026-02-14 14:38:45.381008+00:00,34,BTHUSB
7462,3,2026-02-14 14:40:06.851353+00:00,1014,Microsoft-Windows-DNS-Client
7484,3,2026-02-14 18:11:38.285343+00:00,10016,Microsoft-Windows-DistributedCOM
7485,3,2026-02-14 18:11:38.302343+00:00,10016,Microsoft-Windows-DistributedCOM
7486,3,2026-02-14 18:11:40.433363+00:00,10016,Microsoft-Windows-DistributedCOM
7487,3,2026-02-14 18:11:40.757530+00:00,10016,Microsoft-Windows-DistributedCOM
7503,2,2026-02-14 22:55:45.107876+00:00,20,Microsoft-Windows-WindowsUpdateClient
7506,2,2026-02-14 22:55:52.299917+00:00,20,Microsoft-Windows-WindowsUpdateClient
7554,3,2026-02-15 16:07:45.878914+00:00,10016,Microsoft-Windows-DistributedCOM
7555,3,2026-02-15 16:07:45.893913+00:00,10016,Microsoft-Windows-DistributedCOM
7556,3,2026-02-15 16:07:48.240141+00:00,10016,Microsoft-Windows-DistributedCOM
7557,3,2026-02-15 16:07:48.987942+00:00,10016,Microsoft-Windows-DistributedCOM
7578,3,2026-02-15 19:25:06.849556+00:00,10016,Microsoft-Windows-DistributedCOM
7579,3,2026-02-15 19:25:06.875557+00:00,10016,Microsoft-Windows-DistributedCOM
7580,3,2026-02-15 19:25:06.966473+00:00,10016,Microsoft-Windows-DistributedCOM
7581,3,2026-02-15 20:37:41.859388+00:00,4266,Tcpip
7596,2,2026-02-16 05:07:53.789946+00:00,20,Microsoft-Windows-WindowsUpdateClient
7598,2,2026-02-16 05:07:55.410786+00:00,20,Microsoft-Windows-WindowsUpdateClient
7615,3,2026-02-16 19:47:06.356050+00:00,34,BTHUSB
7664,3,2026-02-16 20:48:04.726576+00:00,10016,Microsoft-Windows-DistributedCOM
7665,3,2026-02-16 20:48:04.752573+00:00,10016,Microsoft-Windows-DistributedCOM
7666,3,2026-02-16 20:48:04.927574+00:00,10016,Microsoft-Windows-DistributedCOM
7671,3,2026-02-16 21:34:07.052967+00:00,4266,Tcpip
7693,2,2026-02-16 23:18:01.859772+00:00,20,Microsoft-Windows-WindowsUpdateClient
7697,2,2026-02-16 23:18:04.818491+00:00,20,Microsoft-Windows-WindowsUpdateClient
7717,3,2026-02-17 13:53:46.358723+00:00,34,BTHUSB
7751,3,2026-02-17 15:06:31.884378+00:00,10016,Microsoft-Windows-DistributedCOM
7752,3,2026-02-17 15:06:31.906410+00:00,10016,Microsoft-Windows-DistributedCOM
7753,3,2026-02-17 15:06:31.950663+00:00,10016,Microsoft-Windows-DistributedCOM
7756,3,2026-02-17 16:06:02.437771+00:00,10016,Microsoft-Windows-DistributedCOM
7757,3,2026-02-17 16:06:02.454771+00:00,10016,Microsoft-Windows-DistributedCOM
7758,3,2026-02-17 16:06:04.607512+00:00,10016,Microsoft-Windows-DistributedCOM
7759,3,2026-02-17 16:06:04.692104+00:00,10016,Microsoft-Windows-DistributedCOM
7782,2,2026-02-17 23:18:58.758184+00:00,20,Microsoft-Windows-WindowsUpdateClient
7786,2,2026-02-17 23:19:14.542896+00:00,20,Microsoft-Windows-WindowsUpdateClient
7821,3,2026-02-18 14:17:04.404943+00:00,34,BTHUSB
7844,3,2026-02-18 15:01:00.994978+00:00,10016,Microsoft-Windows-DistributedCOM
7871,2,2026-02-18 23:40:42.199898+00:00,20,Microsoft-Windows-WindowsUpdateClient
7873,2,2026-02-18 23:40:43.089346+00:00,20,Microsoft-Windows-WindowsUpdateClient
7876,2,2026-02-18 23:41:32.275152+00:00,20,Microsoft-Windows-WindowsUpdateClient
7897,3,2026-02-19 13:37:25.378584+00:00,34,BTHUSB
7920,3,2026-02-19 14:05:48.605606+00:00,10016,Microsoft-Windows-DistributedCOM
7921,3,2026-02-19 14:05:48.630104+00:00,10016,Microsoft-Windows-DistributedCOM
7922,3,2026-02-19 14:05:48.690422+00:00,10016,Microsoft-Windows-DistributedCOM
7923,3,2026-02-19 14:12:45.700354+00:00,4266,Tcpip
7965,3,2026-02-19 18:35:00.724569+00:00,10016,Microsoft-Windows-DistributedCOM
7966,3,2026-02-19 18:35:00.755571+00:00,10016,Microsoft-Windows-DistributedCOM
7967,3,2026-02-19 18:35:00.808569+00:00,10016,Microsoft-Windows-DistributedCOM
8006,3,2026-02-20 13:37:59.346140+00:00,34,BTHUSB
8043,2,2026-02-20 16:34:31.834024+00:00,20,Microsoft-Windows-WindowsUpdateClient
8046,2,2026-02-20 16:34:33.747137+00:00,20,Microsoft-Windows-WindowsUpdateClient
8048,2,2026-02-20 16:34:34.073986+00:00,20,Microsoft-Windows-WindowsUpdateClient
8062,3,2026-02-20 17:25:04.521885+00:00,10016,Microsoft-Windows-DistributedCOM
8063,3,2026-02-20 17:25:04.547888+00:00,10016,Microsoft-Windows-DistributedCOM
8064,3,2026-02-20 17:25:04.605885+00:00,10016,Microsoft-Windows-DistributedCOM
8181,3,2026-02-21 13:15:09.482536+00:00,34,BTHUSB
8203,2,2026-02-21 13:17:05.974655+00:00,20,Microsoft-Windows-WindowsUpdateClient
8214,3,2026-02-21 13:27:00.373274+00:00,10016,Microsoft-Windows-DistributedCOM
8223,3,2026-02-21 15:35:10.993492+00:00,4266,Tcpip
8229,2,2026-02-21 17:17:40.605951+00:00,20,Microsoft-Windows-WindowsUpdateClient
8258,2,2026-02-22 00:19:25.425037+00:00,20,Microsoft-Windows-WindowsUpdateClient
8260,2,2026-02-22 00:19:25.887363+00:00,20,Microsoft-Windows-WindowsUpdateClient
8338,3,2026-02-22 23:30:57.201590+00:00,4266,Tcpip
8355,3,2026-02-23 13:39:22.361389+00:00,34,BTHUSB
8375,3,2026-02-23 13:53:46.004066+00:00,10016,Microsoft-Windows-DistributedCOM
8376,3,2026-02-23 13:53:46.026068+00:00,10016,Microsoft-Windows-DistributedCOM
8377,3,2026-02-23 13:53:46.071066+00:00,10016,Microsoft-Windows-DistributedCOM
8389,2,2026-02-23 15:22:36.860226+00:00,20,Microsoft-Windows-WindowsUpdateClient
8390,2,2026-02-23 15:22:37.000174+00:00,20,Microsoft-Windows-WindowsUpdateClient
8401,3,2026-02-23 19:19:10.088348+00:00,10016,Microsoft-Windows-DistributedCOM
8402,3,2026-02-23 19:19:10.118414+00:00,10016,Microsoft-Windows-DistributedCOM
8403,3,2026-02-23 19:19:10.232210+00:00,10016,Microsoft-Windows-DistributedCOM
8450,3,2026-02-24 14:35:41.394144+00:00,34,BTHUSB
8481,3,2026-02-24 14:55:28.793104+00:00,10016,Microsoft-Windows-DistributedCOM
8482,3,2026-02-24 14:55:28.817104+00:00,10016,Microsoft-Windows-DistributedCOM
8483,3,2026-02-24 14:55:28.856102+00:00,10016,Microsoft-Windows-DistributedCOM
8490,3,2026-02-24 16:16:57.391922+00:00,10016,Microsoft-Windows-DistributedCOM
8501,2,2026-02-24 17:26:17.121815+00:00,20,Microsoft-Windows-WindowsUpdateClient
8519,2,2026-02-24 17:27:05.175983+00:00,20,Microsoft-Windows-WindowsUpdateClient
8619,3,2026-02-25 11:18:01.372068+00:00,34,BTHUSB
8706,3,2026-02-25 16:17:11.851877+00:00,10016,Microsoft-Windows-DistributedCOM
8707,3,2026-02-25 16:17:11.875879+00:00,10016,Microsoft-Windows-DistributedCOM
8708,3,2026-02-25 16:17:11.947435+00:00,10016,Microsoft-Windows-DistributedCOM
8712,3,2026-02-25 17:23:35.879128+00:00,4266,Tcpip
8717,3,2026-02-25 19:02:40.415012+00:00,10016,Microsoft-Windows-DistributedCOM
8815,3,2026-02-26 13:54:05.450701+00:00,34,BTHUSB
8843,3,2026-02-26 14:03:13.769712+00:00,10016,Microsoft-Windows-DistributedCOM
8844,3,2026-02-26 14:03:13.796719+00:00,10016,Microsoft-Windows-DistributedCOM
8845,3,2026-02-26 14:03:13.859715+00:00,10016,Microsoft-Windows-DistributedCOM
8854,3,2026-02-26 17:34:39.106651+00:00,10016,Microsoft-Windows-DistributedCOM
8855,3,2026-02-26 17:34:39.133650+00:00,10016,Microsoft-Windows-DistributedCOM
8856,3,2026-02-26 17:34:39.186651+00:00,10016,Microsoft-Windows-DistributedCOM
8876,2,2026-02-26 20:28:08.067032+00:00,36,Volsnap
8973,3,2026-02-27 13:59:21.423794+00:00,34,BTHUSB
9002,3,2026-02-27 14:52:14.304697+00:00,10016,Microsoft-Windows-DistributedCOM
9003,3,2026-02-27 14:52:14.858164+00:00,10016,Microsoft-Windows-DistributedCOM
9004,3,2026-02-27 14:52:15.094999+00:00,10016,Microsoft-Windows-DistributedCOM
9019,3,2026-02-27 16:34:28.527594+00:00,10016,Microsoft-Windows-DistributedCOM
9047,2,2026-02-27 18:09:13.377184+00:00,20,Microsoft-Windows-WindowsUpdateClient
9149,2,2026-02-28 18:41:48.353838+00:00,20,Microsoft-Windows-WindowsUpdateClient
9199,3,2026-03-01 18:14:10.460175+00:00,10016,Microsoft-Windows-DistributedCOM
9200,3,2026-03-01 18:14:10.485859+00:00,10016,Microsoft-Windows-DistributedCOM
9201,3,2026-03-01 18:14:10.566858+00:00,10016,Microsoft-Windows-DistributedCOM
9207,2,2026-03-01 20:41:57.254917+00:00,20,Microsoft-Windows-WindowsUpdateClient
9223,3,2026-03-02 04:04:38.604809+00:00,4266,Tcpip
9238,3,2026-03-02 14:24:45.344700+00:00,34,BTHUSB
9270,3,2026-03-02 14:33:43.738247+00:00,10016,Microsoft-Windows-DistributedCOM
9271,3,2026-03-02 14:33:43.763277+00:00,10016,Microsoft-Windows-DistributedCOM
9272,3,2026-03-02 14:33:43.816275+00:00,10016,Microsoft-Windows-DistributedCOM
9283,3,2026-03-02 18:51:20.772633+00:00,10016,Microsoft-Windows-DistributedCOM
9284,3,2026-03-02 18:51:20.798288+00:00,10016,Microsoft-Windows-DistributedCOM
9285,3,2026-03-02 18:51:20.847919+00:00,10016,Microsoft-Windows-DistributedCOM
9308,2,2026-03-02 23:24:03.934828+00:00,20,Microsoft-Windows-WindowsUpdateClient
9401,3,2026-03-03 10:29:33.077341+00:00,4266,Tcpip
9411,3,2026-03-03 12:52:10.889538+00:00,10016,Microsoft-Windows-DistributedCOM
9412,3,2026-03-03 12:52:10.917118+00:00,10016,Microsoft-Windows-DistributedCOM
9413,3,2026-03-03 12:52:10.967249+00:00,10016,Microsoft-Windows-DistributedCOM
9431,3,2026-03-03 18:54:34.984314+00:00,10016,Microsoft-Windows-DistributedCOM
9432,3,2026-03-03 18:54:35.008772+00:00,10016,Microsoft-Windows-DistributedCOM
9433,3,2026-03-03 18:54:35.053848+00:00,10016,Microsoft-Windows-DistributedCOM
9497,2,2026-03-03 22:33:44.769539+00:00,20,Microsoft-Windows-WindowsUpdateClient
9504,2,2026-03-03 22:34:11.569521+00:00,20,Microsoft-Windows-WindowsUpdateClient
9507,2,2026-03-03 22:34:23.539253+00:00,20,Microsoft-Windows-WindowsUpdateClient
9530,3,2026-03-04 13:52:58.389448+00:00,34,BTHUSB
9565,3,2026-03-04 14:22:18.668535+00:00,10016,Microsoft-Windows-DistributedCOM
9566,3,2026-03-04 14:22:18.690580+00:00,10016,Microsoft-Windows-DistributedCOM
9567,3,2026-03-04 14:22:18.728483+00:00,10016,Microsoft-Windows-DistributedCOM
9575,3,2026-03-04 16:05:58.762051+00:00,10016,Microsoft-Windows-DistributedCOM
9576,3,2026-03-04 16:05:58.786564+00:00,10016,Microsoft-Windows-DistributedCOM
9577,3,2026-03-04 16:05:58.821571+00:00,10016,Microsoft-Windows-DistributedCOM
9578,3,2026-03-04 16:09:54.369246+00:00,4266,Tcpip
9685,3,2026-03-04 18:48:37.798731+00:00,10016,Microsoft-Windows-DistributedCOM
9686,3,2026-03-04 18:48:37.823252+00:00,10016,Microsoft-Windows-DistributedCOM
9687,3,2026-03-04 18:48:37.862249+00:00,10016,Microsoft-Windows-DistributedCOM
9699,2,2026-03-04 23:07:53.086519+00:00,20,Microsoft-Windows-WindowsUpdateClient
9701,2,2026-03-04 23:07:53.886818+00:00,20,Microsoft-Windows-WindowsUpdateClient
9707,2,2026-03-04 23:08:00.291227+00:00,20,Microsoft-Windows-WindowsUpdateClient
9738,3,2026-03-05 05:09:26.606800+00:00,4003,Microsoft-Windows-WLAN-AutoConfig
9752,3,2026-03-05 05:17:26.688646+00:00,4003,Microsoft-Windows-WLAN-AutoConfig
9776,3,2026-03-05 14:18:04.703678+00:00,10016,Microsoft-Windows-DistributedCOM
9777,3,2026-03-05 14:18:34.620186+00:00,10016,Microsoft-Windows-DistributedCOM
9787,3,2026-03-05 14:24:16.514994+00:00,10016,Microsoft-Windows-DistributedCOM
9788,3,2026-03-05 14:24:16.537743+00:00,10016,Microsoft-Windows-DistributedCOM
9789,3,2026-03-05 14:24:16.612120+00:00,10016,Microsoft-Windows-DistributedCOM
9793,2,2026-03-05 14:56:54.138395+00:00,7000,Service Control Manager
9815,2,2026-03-05 21:26:22.058115+00:00,29,Microsoft-Windows-Kernel-Boot
9822,2,2026-03-05 21:26:35.191299+00:00,6008,EventLog
9848,1,2026-03-05 21:26:24.628044+00:00,41,Microsoft-Windows-Kernel-Power
9895,3,2026-03-05 21:26:28.339972+00:00,34,BTHUSB
9959,3,2026-03-05 21:26:40.983826+00:00,10016,Microsoft-Windows-DistributedCOM
9960,3,2026-03-05 21:26:40.983826+00:00,10016,Microsoft-Windows-DistributedCOM
9999,2,2026-03-05 21:26:51.656811+00:00,1040,Microsoft-Windows-TPM-WMI
10037,3,2026-03-05 21:27:34.320559+00:00,10016,Microsoft-Windows-DistributedCOM
10040,3,2026-03-05 21:28:35.272709+00:00,10016,Microsoft-Windows-DistributedCOM
10041,3,2026-03-05 21:28:35.575275+00:00,10016,Microsoft-Windows-DistributedCOM
10042,3,2026-03-05 21:28:42.726225+00:00,10016,Microsoft-Windows-DistributedCOM
10043,3,2026-03-05 21:28:42.726225+00:00,10016,Microsoft-Windows-DistributedCOM
10044,3,2026-03-05 21:28:42.726225+00:00,10016,Microsoft-Windows-DistributedCOM
10047,2,2026-03-05 21:31:36.829817+00:00,1801,Microsoft-Windows-TPM-WMI
10053,3,2026-03-05 21:38:41.047447+00:00,10016,Microsoft-Windows-DistributedCOM
10056,3,2026-03-05 21:38:46.392815+00:00,10016,Microsoft-Windows-DistributedCOM
10057,3,2026-03-05 21:38:46.426813+00:00,10016,Microsoft-Windows-DistributedCOM
10058,3,2026-03-05 21:38:49.020983+00:00,10016,Microsoft-Windows-DistributedCOM
10061,3,2026-03-05 22:31:45.179453+00:00,4266,Tcpip
10070,2,2026-03-05 23:28:22.764965+00:00,10005,Microsoft-Windows-DistributedCOM
10071,2,2026-03-05 23:28:22.769966+00:00,10005,Microsoft-Windows-DistributedCOM
10073,2,2026-03-05 23:28:22.899967+00:00,10005,Microsoft-Windows-DistributedCOM
10074,2,2026-03-05 23:28:22.903969+00:00,10005,Microsoft-Windows-DistributedCOM
10099,2,2026-03-06 16:41:47.889050+00:00,29,Microsoft-Windows-Kernel-Boot
10106,2,2026-03-06 16:41:59.684597+00:00,6008,EventLog
10132,1,2026-03-06 16:41:51.216908+00:00,41,Microsoft-Windows-Kernel-Power
10154,3,2026-03-06 16:41:54.974495+00:00,34,BTHUSB
10205,2,2026-03-06 16:42:03.454126+00:00,1040,Microsoft-Windows-TPM-WMI
10208,3,2026-03-06 16:42:04.441040+00:00,10016,Microsoft-Windows-DistributedCOM
10209,3,2026-03-06 16:42:04.449657+00:00,10016,Microsoft-Windows-DistributedCOM
10256,3,2026-03-06 16:42:51.791061+00:00,10016,Microsoft-Windows-DistributedCOM
10286,3,2026-03-06 16:44:10.064302+00:00,10016,Microsoft-Windows-DistributedCOM
10287,3,2026-03-06 16:44:10.064302+00:00,10016,Microsoft-Windows-DistributedCOM
10288,3,2026-03-06 16:44:10.064302+00:00,10016,Microsoft-Windows-DistributedCOM
10290,3,2026-03-06 16:44:37.556129+00:00,10016,Microsoft-Windows-DistributedCOM
10291,2,2026-03-06 16:47:01.481831+00:00,1801,Microsoft-Windows-TPM-WMI
10296,3,2026-03-06 16:54:06.670279+00:00,10016,Microsoft-Windows-DistributedCOM
10297,3,2026-03-06 16:54:12.365349+00:00,10016,Microsoft-Windows-DistributedCOM
10298,3,2026-03-06 16:54:12.394352+00:00,10016,Microsoft-Windows-DistributedCOM
10299,3,2026-03-06 16:54:14.839645+00:00,10016,Microsoft-Windows-DistributedCOM
10302,3,2026-03-06 19:05:29.348307+00:00,4266,Tcpip
10320,3,2026-03-06 20:44:15.701982+00:00,10016,Microsoft-Windows-DistributedCOM
10368,3,2026-03-07 16:12:04.422632+00:00,10016,Microsoft-Windows-DistributedCOM
10369,3,2026-03-07 16:12:04.447632+00:00,10016,Microsoft-Windows-DistributedCOM
10370,3,2026-03-07 16:12:06.812592+00:00,10016,Microsoft-Windows-DistributedCOM
10371,3,2026-03-07 16:12:07.683336+00:00,10016,Microsoft-Windows-DistributedCOM
10389,3,2026-03-07 18:03:30.044117+00:00,10016,Microsoft-Windows-DistributedCOM
10390,3,2026-03-07 18:03:30.069183+00:00,10016,Microsoft-Windows-DistributedCOM
10391,3,2026-03-07 18:03:30.161093+00:00,10016,Microsoft-Windows-DistributedCOM
10458,3,2026-03-08 14:37:22.677021+00:00,4266,Tcpip
10460,3,2026-03-08 16:12:06.751541+00:00,10016,Microsoft-Windows-DistributedCOM
10461,3,2026-03-08 16:12:06.767036+00:00,10016,Microsoft-Windows-DistributedCOM
10462,3,2026-03-08 16:12:08.369379+00:00,10016,Microsoft-Windows-DistributedCOM
10463,3,2026-03-08 16:12:09.017204+00:00,10016,Microsoft-Windows-DistributedCOM
10518,3,2026-03-09 16:58:02.873154+00:00,10016,Microsoft-Windows-DistributedCOM
10519,3,2026-03-09 16:58:03.168684+00:00,10016,Microsoft-Windows-DistributedCOM
10520,3,2026-03-09 16:58:04.643343+00:00,10016,Microsoft-Windows-DistributedCOM
10521,3,2026-03-09 16:58:05.268789+00:00,10016,Microsoft-Windows-DistributedCOM
10522,2,2026-03-09 18:52:56.909952+00:00,10010,Microsoft-Windows-DistributedCOM
10523,3,2026-03-09 21:07:18.517914+00:00,4266,Tcpip
10612,3,2026-03-10 15:11:44.506197+00:00,34,BTHUSB
10627,3,2026-03-10 15:11:48.023602+00:00,1014,Microsoft-Windows-DNS-Client
10644,3,2026-03-10 15:22:01.391607+00:00,10016,Microsoft-Windows-DistributedCOM
10645,3,2026-03-10 15:22:01.418444+00:00,10016,Microsoft-Windows-DistributedCOM
10646,3,2026-03-10 15:22:01.490160+00:00,10016,Microsoft-Windows-DistributedCOM
10652,2,2026-03-10 15:58:27.553518+00:00,10010,Microsoft-Windows-DistributedCOM
10654,3,2026-03-10 17:20:14.520693+00:00,10016,Microsoft-Windows-DistributedCOM
10655,3,2026-03-10 17:20:14.591257+00:00,10016,Microsoft-Windows-DistributedCOM
10656,3,2026-03-10 17:20:17.983076+00:00,10016,Microsoft-Windows-DistributedCOM
10657,3,2026-03-10 17:20:18.910664+00:00,10016,Microsoft-Windows-DistributedCOM
10728,3,2026-03-11 00:02:13.887085+00:00,4266,Tcpip
10905,3,2026-03-11 06:45:29.561285+00:00,34,BTHUSB
10964,2,2026-03-11 06:45:38.783529+00:00,1040,Microsoft-Windows-TPM-WMI
11079,3,2026-03-11 06:47:27.646101+00:00,34,BTHUSB
11130,2,2026-03-11 06:47:35.489929+00:00,1040,Microsoft-Windows-TPM-WMI
11151,3,2026-03-11 06:49:38.493254+00:00,10016,Microsoft-Windows-DistributedCOM
11152,2,2026-03-11 06:52:33.400368+00:00,1801,Microsoft-Windows-TPM-WMI
11165,3,2026-03-11 14:38:55.383274+00:00,10016,Microsoft-Windows-DistributedCOM
11166,3,2026-03-11 14:38:55.398918+00:00,10016,Microsoft-Windows-DistributedCOM
11169,2,2026-03-11 14:39:35.207275+00:00,7009,Service Control Manager
11170,2,2026-03-11 14:39:35.207275+00:00,7000,Service Control Manager
11202,3,2026-03-11 14:39:56.486427+00:00,10016,Microsoft-Windows-DistributedCOM
11203,3,2026-03-11 14:39:59.334253+00:00,10016,Microsoft-Windows-DistributedCOM
11206,3,2026-03-11 14:40:59.361246+00:00,10016,Microsoft-Windows-DistributedCOM
11209,3,2026-03-11 14:50:56.544909+00:00,10016,Microsoft-Windows-DistributedCOM
11210,3,2026-03-11 14:51:03.469366+00:00,10016,Microsoft-Windows-DistributedCOM
11211,3,2026-03-11 14:51:03.485380+00:00,10016,Microsoft-Windows-DistributedCOM
11212,3,2026-03-11 14:51:05.783829+00:00,10016,Microsoft-Windows-DistributedCOM
11213,3,2026-03-11 14:51:07.943962+00:00,10016,Microsoft-Windows-DistributedCOM
11259,3,2026-03-11 16:46:58.083977+00:00,10016,Microsoft-Windows-DistributedCOM
11260,3,2026-03-11 16:46:58.094976+00:00,10016,Microsoft-Windows-DistributedCOM
11261,3,2026-03-11 16:47:00.392071+00:00,10016,Microsoft-Windows-DistributedCOM
11262,3,2026-03-11 16:47:00.416075+00:00,10016,Microsoft-Windows-DistributedCOM
11276,3,2026-03-11 17:51:13.616285+00:00,10016,Microsoft-Windows-DistributedCOM
11277,3,2026-03-11 17:51:13.639294+00:00,10016,Microsoft-Windows-DistributedCOM
11278,3,2026-03-11 17:51:13.694288+00:00,10016,Microsoft-Windows-DistributedCOM
11281,3,2026-03-11 18:10:32.535814+00:00,10016,Microsoft-Windows-DistributedCOM
11282,3,2026-03-11 18:10:32.562906+00:00,10016,Microsoft-Windows-DistributedCOM
11283,3,2026-03-11 18:10:32.612162+00:00,10016,Microsoft-Windows-DistributedCOM
11284,3,2026-03-11 18:18:08.206158+00:00,4266,Tcpip
11285,3,2026-03-11 18:21:15.837944+00:00,10016,Microsoft-Windows-DistributedCOM
11286,3,2026-03-11 18:21:15.864449+00:00,10016,Microsoft-Windows-DistributedCOM
11287,3,2026-03-11 18:21:15.909456+00:00,10016,Microsoft-Windows-DistributedCOM
11288,3,2026-03-11 18:21:19.683050+00:00,10016,Microsoft-Windows-DistributedCOM
11289,3,2026-03-11 18:21:19.710051+00:00,10016,Microsoft-Windows-DistributedCOM
11290,3,2026-03-11 18:21:19.750051+00:00,10016,Microsoft-Windows-DistributedCOM
11291,3,2026-03-11 18:21:57.801392+00:00,10016,Microsoft-Windows-DistributedCOM
11292,3,2026-03-11 18:21:57.825392+00:00,10016,Microsoft-Windows-DistributedCOM
11293,3,2026-03-11 18:21:57.866394+00:00,10016,Microsoft-Windows-DistributedCOM
11294,3,2026-03-11 18:22:02.587181+00:00,10016,Microsoft-Windows-DistributedCOM
11295,3,2026-03-11 18:22:02.610180+00:00,10016,Microsoft-Windows-DistributedCOM
11296,3,2026-03-11 18:22:02.648180+00:00,10016,Microsoft-Windows-DistributedCOM
11297,3,2026-03-11 18:35:07.553848+00:00,10016,Microsoft-Windows-DistributedCOM
11298,3,2026-03-11 18:35:07.582273+00:00,10016,Microsoft-Windows-DistributedCOM
11299,3,2026-03-11 18:35:07.633272+00:00,10016,Microsoft-Windows-DistributedCOM
11300,3,2026-03-11 18:36:15.087317+00:00,10016,Microsoft-Windows-DistributedCOM
11301,3,2026-03-11 18:36:15.114426+00:00,10016,Microsoft-Windows-DistributedCOM
11302,3,2026-03-11 18:36:15.173426+00:00,10016,Microsoft-Windows-DistributedCOM
11303,3,2026-03-11 18:36:23.184158+00:00,10016,Microsoft-Windows-DistributedCOM
11304,3,2026-03-11 18:36:23.206154+00:00,10016,Microsoft-Windows-DistributedCOM
11305,3,2026-03-11 18:36:23.243158+00:00,10016,Microsoft-Windows-DistributedCOM
11306,3,2026-03-11 18:38:18.725065+00:00,10016,Microsoft-Windows-DistributedCOM
11307,3,2026-03-11 18:38:18.752064+00:00,10016,Microsoft-Windows-DistributedCOM
11308,3,2026-03-11 18:38:18.798067+00:00,10016,Microsoft-Windows-DistributedCOM
11309,3,2026-03-11 18:44:04.528082+00:00,10016,Microsoft-Windows-DistributedCOM
11310,3,2026-03-11 18:44:04.554083+00:00,10016,Microsoft-Windows-DistributedCOM
11311,3,2026-03-11 18:44:04.595083+00:00,10016,Microsoft-Windows-DistributedCOM
11312,3,2026-03-11 18:45:30.853165+00:00,10016,Microsoft-Windows-DistributedCOM
11313,3,2026-03-11 18:45:30.875677+00:00,10016,Microsoft-Windows-DistributedCOM
11314,3,2026-03-11 18:45:30.917795+00:00,10016,Microsoft-Windows-DistributedCOM
11315,3,2026-03-11 18:45:37.939409+00:00,10016,Microsoft-Windows-DistributedCOM
11316,3,2026-03-11 18:45:37.960413+00:00,10016,Microsoft-Windows-DistributedCOM
11317,3,2026-03-11 18:45:37.998922+00:00,10016,Microsoft-Windows-DistributedCOM
11318,3,2026-03-11 18:45:45.736601+00:00,10016,Microsoft-Windows-DistributedCOM
11319,3,2026-03-11 18:45:45.757597+00:00,10016,Microsoft-Windows-DistributedCOM
11320,3,2026-03-11 18:45:45.799599+00:00,10016,Microsoft-Windows-DistributedCOM
11321,3,2026-03-11 18:45:52.687691+00:00,10016,Microsoft-Windows-DistributedCOM
11322,3,2026-03-11 18:45:52.715685+00:00,10016,Microsoft-Windows-DistributedCOM
11323,3,2026-03-11 18:45:52.753689+00:00,10016,Microsoft-Windows-DistributedCOM
11324,3,2026-03-11 18:46:20.506355+00:00,10016,Microsoft-Windows-DistributedCOM
11325,3,2026-03-11 18:46:20.531357+00:00,10016,Microsoft-Windows-DistributedCOM
11326,3,2026-03-11 18:46:20.569357+00:00,10016,Microsoft-Windows-DistributedCOM
11327,3,2026-03-11 18:46:25.945719+00:00,10016,Microsoft-Windows-DistributedCOM
11328,3,2026-03-11 18:46:25.969721+00:00,10016,Microsoft-Windows-DistributedCOM
11329,3,2026-03-11 18:46:26.007719+00:00,10016,Microsoft-Windows-DistributedCOM
11330,3,2026-03-11 18:46:29.249567+00:00,10016,Microsoft-Windows-DistributedCOM
11331,3,2026-03-11 18:46:29.273567+00:00,10016,Microsoft-Windows-DistributedCOM
11332,3,2026-03-11 18:46:29.311573+00:00,10016,Microsoft-Windows-DistributedCOM
11333,3,2026-03-11 18:46:38.116394+00:00,10016,Microsoft-Windows-DistributedCOM
11334,3,2026-03-11 18:46:38.140911+00:00,10016,Microsoft-Windows-DistributedCOM
11335,3,2026-03-11 18:46:38.179914+00:00,10016,Microsoft-Windows-DistributedCOM
11336,3,2026-03-11 18:46:44.551704+00:00,10016,Microsoft-Windows-DistributedCOM
11337,3,2026-03-11 18:46:44.576704+00:00,10016,Microsoft-Windows-DistributedCOM
11338,3,2026-03-11 18:46:44.622702+00:00,10016,Microsoft-Windows-DistributedCOM
11339,3,2026-03-11 18:46:54.549015+00:00,10016,Microsoft-Windows-DistributedCOM
11340,3,2026-03-11 18:46:54.575537+00:00,10016,Microsoft-Windows-DistributedCOM
11341,3,2026-03-11 18:46:54.622536+00:00,10016,Microsoft-Windows-DistributedCOM
11342,3,2026-03-11 18:47:01.878185+00:00,10016,Microsoft-Windows-DistributedCOM
11343,3,2026-03-11 18:47:01.900185+00:00,10016,Microsoft-Windows-DistributedCOM
11344,3,2026-03-11 18:47:01.939222+00:00,10016,Microsoft-Windows-DistributedCOM
11345,3,2026-03-11 18:47:04.278000+00:00,10016,Microsoft-Windows-DistributedCOM
11346,3,2026-03-11 18:47:04.302353+00:00,10016,Microsoft-Windows-DistributedCOM
11347,3,2026-03-11 18:47:04.344357+00:00,10016,Microsoft-Windows-DistributedCOM
11348,3,2026-03-11 18:47:15.913973+00:00,10016,Microsoft-Windows-DistributedCOM
11349,3,2026-03-11 18:47:15.937546+00:00,10016,Microsoft-Windows-DistributedCOM
11350,3,2026-03-11 18:47:15.977547+00:00,10016,Microsoft-Windows-DistributedCOM
11351,3,2026-03-11 18:47:24.287823+00:00,10016,Microsoft-Windows-DistributedCOM
11352,3,2026-03-11 18:47:24.309820+00:00,10016,Microsoft-Windows-DistributedCOM
11353,3,2026-03-11 18:47:24.350821+00:00,10016,Microsoft-Windows-DistributedCOM
11354,3,2026-03-11 18:47:46.131790+00:00,10016,Microsoft-Windows-DistributedCOM
11355,3,2026-03-11 18:47:46.157604+00:00,10016,Microsoft-Windows-DistributedCOM
11356,3,2026-03-11 18:47:46.195936+00:00,10016,Microsoft-Windows-DistributedCOM
11357,3,2026-03-11 18:47:55.023008+00:00,10016,Microsoft-Windows-DistributedCOM
11358,3,2026-03-11 18:47:55.046007+00:00,10016,Microsoft-Windows-DistributedCOM
11359,3,2026-03-11 18:47:55.084007+00:00,10016,Microsoft-Windows-DistributedCOM
11360,3,2026-03-11 18:48:02.092295+00:00,10016,Microsoft-Windows-DistributedCOM
11361,3,2026-03-11 18:48:02.115290+00:00,10016,Microsoft-Windows-DistributedCOM
11362,3,2026-03-11 18:48:02.154293+00:00,10016,Microsoft-Windows-DistributedCOM
11363,3,2026-03-11 18:48:03.915531+00:00,10016,Microsoft-Windows-DistributedCOM
11364,3,2026-03-11 18:48:03.937531+00:00,10016,Microsoft-Windows-DistributedCOM
11365,3,2026-03-11 18:48:03.974525+00:00,10016,Microsoft-Windows-DistributedCOM
11366,3,2026-03-11 19:26:06.180189+00:00,10016,Microsoft-Windows-DistributedCOM
11367,3,2026-03-11 19:26:06.205191+00:00,10016,Microsoft-Windows-DistributedCOM
11368,3,2026-03-11 19:26:06.247189+00:00,10016,Microsoft-Windows-DistributedCOM
11369,3,2026-03-11 19:26:07.881001+00:00,10016,Microsoft-Windows-DistributedCOM
11370,3,2026-03-11 19:26:07.907003+00:00,10016,Microsoft-Windows-DistributedCOM
11371,3,2026-03-11 19:26:07.946003+00:00,10016,Microsoft-Windows-DistributedCOM
11372,3,2026-03-11 19:26:51.358698+00:00,10016,Microsoft-Windows-DistributedCOM
11373,3,2026-03-11 19:26:51.381699+00:00,10016,Microsoft-Windows-DistributedCOM
11374,3,2026-03-11 19:26:51.423700+00:00,10016,Microsoft-Windows-DistributedCOM
11375,3,2026-03-11 19:26:53.084244+00:00,10016,Microsoft-Windows-DistributedCOM
11376,3,2026-03-11 19:26:53.109243+00:00,10016,Microsoft-Windows-DistributedCOM
11377,3,2026-03-11 19:26:53.153246+00:00,10016,Microsoft-Windows-DistributedCOM
11378,3,2026-03-11 19:52:04.322853+00:00,10016,Microsoft-Windows-DistributedCOM
11379,3,2026-03-11 19:52:04.346849+00:00,10016,Microsoft-Windows-DistributedCOM
11380,3,2026-03-11 19:52:04.521505+00:00,10016,Microsoft-Windows-DistributedCOM
11381,3,2026-03-11 20:17:36.279377+00:00,10016,Microsoft-Windows-DistributedCOM
11382,3,2026-03-11 20:17:36.305225+00:00,10016,Microsoft-Windows-DistributedCOM
11383,3,2026-03-11 20:17:36.366581+00:00,10016,Microsoft-Windows-DistributedCOM
11384,3,2026-03-11 20:17:38.063828+00:00,10016,Microsoft-Windows-DistributedCOM
11385,3,2026-03-11 20:17:38.087824+00:00,10016,Microsoft-Windows-DistributedCOM
11386,3,2026-03-11 20:17:38.130836+00:00,10016,Microsoft-Windows-DistributedCOM
11481,3,2026-03-12 13:36:38.499027+00:00,34,BTHUSB
11500,3,2026-03-12 13:36:41.973967+00:00,1014,Microsoft-Windows-DNS-Client
11541,3,2026-03-12 20:17:31.243557+00:00,10016,Microsoft-Windows-DistributedCOM
11542,3,2026-03-12 20:17:31.268284+00:00,10016,Microsoft-Windows-DistributedCOM
11543,3,2026-03-12 20:17:31.324560+00:00,10016,Microsoft-Windows-DistributedCOM
11544,3,2026-03-12 20:17:33.164089+00:00,10016,Microsoft-Windows-DistributedCOM
11545,3,2026-03-12 20:17:33.189255+00:00,10016,Microsoft-Windows-DistributedCOM
11546,3,2026-03-12 20:17:33.229536+00:00,10016,Microsoft-Windows-DistributedCOM
11622,3,2026-03-13 17:40:14.810087+00:00,10016,Microsoft-Windows-DistributedCOM
11623,3,2026-03-13 17:40:14.837597+00:00,10016,Microsoft-Windows-DistributedCOM
11624,3,2026-03-13 17:40:14.872248+00:00,10016,Microsoft-Windows-DistributedCOM
11625,3,2026-03-13 17:40:17.002365+00:00,10016,Microsoft-Windows-DistributedCOM
11626,3,2026-03-13 17:40:17.026028+00:00,10016,Microsoft-Windows-DistributedCOM
11627,3,2026-03-13 17:40:17.063976+00:00,10016,Microsoft-Windows-DistributedCOM
11672,3,2026-03-14 17:24:44.509094+00:00,34,BTHUSB
11718,3,2026-03-14 22:48:02.920536+00:00,4266,Tcpip
11765,3,2026-03-16 13:48:26.547295+00:00,34,BTHUSB
11819,3,2026-03-16 13:52:18.544394+00:00,10016,Microsoft-Windows-DistributedCOM
11820,3,2026-03-16 13:52:18.570391+00:00,10016,Microsoft-Windows-DistributedCOM
11821,3,2026-03-16 13:52:18.609440+00:00,10016,Microsoft-Windows-DistributedCOM
11822,3,2026-03-16 13:52:20.357922+00:00,10016,Microsoft-Windows-DistributedCOM
11823,3,2026-03-16 13:52:20.381229+00:00,10016,Microsoft-Windows-DistributedCOM
11824,3,2026-03-16 13:52:20.425095+00:00,10016,Microsoft-Windows-DistributedCOM
11842,3,2026-03-16 15:00:36.181126+00:00,4266,Tcpip
11845,3,2026-03-16 17:07:01.004084+00:00,10016,Microsoft-Windows-DistributedCOM
11846,3,2026-03-16 17:07:01.029079+00:00,10016,Microsoft-Windows-DistributedCOM
11847,3,2026-03-16 17:07:01.144075+00:00,10016,Microsoft-Windows-DistributedCOM
11848,3,2026-03-16 17:07:02.884575+00:00,10016,Microsoft-Windows-DistributedCOM
11849,3,2026-03-16 17:07:02.908573+00:00,10016,Microsoft-Windows-DistributedCOM
11850,3,2026-03-16 17:07:02.952089+00:00,10016,Microsoft-Windows-DistributedCOM
11863,2,2026-03-17 02:57:38.318325+00:00,6008,EventLog
11891,1,2026-03-17 02:57:28.724771+00:00,41,Microsoft-Windows-Kernel-Power
11941,3,2026-03-17 02:57:32.490282+00:00,34,BTHUSB
11999,2,2026-03-17 02:57:42.519596+00:00,1040,Microsoft-Windows-TPM-WMI
12028,3,2026-03-17 02:57:47.955721+00:00,10016,Microsoft-Windows-DistributedCOM
12029,3,2026-03-17 02:57:47.955721+00:00,10016,Microsoft-Windows-DistributedCOM
12048,2,2026-03-17 02:58:21.166002+00:00,7009,Service Control Manager
12049,2,2026-03-17 02:58:21.166002+00:00,7000,Service Control Manager
12082,3,2026-03-17 02:58:27.389584+00:00,10016,Microsoft-Windows-DistributedCOM
12083,3,2026-03-17 02:58:39.367733+00:00,10016,Microsoft-Windows-DistributedCOM
12084,3,2026-03-17 02:58:46.701395+00:00,10016,Microsoft-Windows-DistributedCOM
12086,3,2026-03-17 02:59:21.009342+00:00,10016,Microsoft-Windows-DistributedCOM
12087,3,2026-03-17 02:59:21.032640+00:00,10016,Microsoft-Windows-DistributedCOM
12088,3,2026-03-17 02:59:21.092276+00:00,10016,Microsoft-Windows-DistributedCOM
12089,3,2026-03-17 02:59:22.662264+00:00,10016,Microsoft-Windows-DistributedCOM
12090,3,2026-03-17 02:59:22.684221+00:00,10016,Microsoft-Windows-DistributedCOM
12091,3,2026-03-17 02:59:22.723284+00:00,10016,Microsoft-Windows-DistributedCOM
12092,3,2026-03-17 02:59:44.646040+00:00,10016,Microsoft-Windows-DistributedCOM
12093,3,2026-03-17 02:59:44.646040+00:00,10016,Microsoft-Windows-DistributedCOM
12094,3,2026-03-17 02:59:44.646040+00:00,10016,Microsoft-Windows-DistributedCOM
12095,3,2026-03-17 03:00:09.703522+00:00,10016,Microsoft-Windows-DistributedCOM
12098,3,2026-03-17 03:00:17.646223+00:00,10016,Microsoft-Windows-DistributedCOM
12099,3,2026-03-17 03:00:17.673773+00:00,10016,Microsoft-Windows-DistributedCOM
12100,3,2026-03-17 03:00:20.258738+00:00,10016,Microsoft-Windows-DistributedCOM
12107,2,2026-03-17 03:02:40.139866+00:00,1801,Microsoft-Windows-TPM-WMI
12130,3,2026-03-17 13:30:44.540087+00:00,34,BTHUSB
12170,3,2026-03-17 13:51:11.934526+00:00,10016,Microsoft-Windows-DistributedCOM
12171,3,2026-03-17 13:51:11.963154+00:00,10016,Microsoft-Windows-DistributedCOM
12172,3,2026-03-17 13:51:12.092443+00:00,10016,Microsoft-Windows-DistributedCOM
12173,3,2026-03-17 13:51:13.641752+00:00,10016,Microsoft-Windows-DistributedCOM
12174,3,2026-03-17 13:51:13.664536+00:00,10016,Microsoft-Windows-DistributedCOM
12175,3,2026-03-17 13:51:13.706690+00:00,10016,Microsoft-Windows-DistributedCOM
12176,3,2026-03-17 14:09:01.200703+00:00,4266,Tcpip
12180,3,2026-03-17 16:06:28.189161+00:00,10016,Microsoft-Windows-DistributedCOM
12181,3,2026-03-17 16:06:28.206181+00:00,10016,Microsoft-Windows-DistributedCOM
12182,3,2026-03-17 16:06:30.675095+00:00,10016,Microsoft-Windows-DistributedCOM
12183,3,2026-03-17 16:06:31.403933+00:00,10016,Microsoft-Windows-DistributedCOM
12191,2,2026-03-17 17:03:56.114666+00:00,20,Microsoft-Windows-WindowsUpdateClient
12198,2,2026-03-17 17:04:02.381105+00:00,10005,Microsoft-Windows-DistributedCOM
12199,2,2026-03-17 17:04:02.387104+00:00,10005,Microsoft-Windows-DistributedCOM
12201,2,2026-03-17 17:04:02.552229+00:00,10005,Microsoft-Windows-DistributedCOM
12202,2,2026-03-17 17:04:02.559229+00:00,10005,Microsoft-Windows-DistributedCOM
12235,2,2026-03-17 21:44:52.307730+00:00,20,Microsoft-Windows-WindowsUpdateClient
12347,3,2026-03-18 14:30:25.539864+00:00,34,BTHUSB
12408,3,2026-03-18 16:06:28.704651+00:00,10016,Microsoft-Windows-DistributedCOM
12409,3,2026-03-18 16:06:28.729191+00:00,10016,Microsoft-Windows-DistributedCOM
12410,3,2026-03-18 16:06:31.017344+00:00,10016,Microsoft-Windows-DistributedCOM
12411,3,2026-03-18 16:06:31.918495+00:00,10016,Microsoft-Windows-DistributedCOM
12412,3,2026-03-18 16:12:38.918030+00:00,4266,Tcpip
12413,3,2026-03-18 16:55:24.533798+00:00,10016,Microsoft-Windows-DistributedCOM
12414,3,2026-03-18 16:55:24.559334+00:00,10016,Microsoft-Windows-DistributedCOM
12415,3,2026-03-18 16:55:24.618563+00:00,10016,Microsoft-Windows-DistributedCOM
12416,3,2026-03-18 16:55:26.108124+00:00,10016,Microsoft-Windows-DistributedCOM
12417,3,2026-03-18 16:55:26.133192+00:00,10016,Microsoft-Windows-DistributedCOM
12418,3,2026-03-18 16:55:26.173248+00:00,10016,Microsoft-Windows-DistributedCOM
12430,2,2026-03-18 18:59:22.202082+00:00,20,Microsoft-Windows-WindowsUpdateClient
12438,2,2026-03-18 19:00:02.109167+00:00,20,Microsoft-Windows-WindowsUpdateClient
12465,3,2026-03-19 03:25:08.353199+00:00,10016,Microsoft-Windows-DistributedCOM
12536,3,2026-03-19 14:41:24.974861+00:00,10016,Microsoft-Windows-DistributedCOM
12554,3,2026-03-19 16:06:28.683479+00:00,10016,Microsoft-Windows-DistributedCOM
12555,3,2026-03-19 16:06:28.705511+00:00,10016,Microsoft-Windows-DistributedCOM
12556,3,2026-03-19 16:06:30.774521+00:00,10016,Microsoft-Windows-DistributedCOM
12558,3,2026-03-19 16:06:31.235636+00:00,10016,Microsoft-Windows-DistributedCOM
12580,3,2026-03-19 19:44:56.604733+00:00,10016,Microsoft-Windows-DistributedCOM
12581,3,2026-03-19 19:44:56.641146+00:00,10016,Microsoft-Windows-DistributedCOM
12582,3,2026-03-19 19:44:56.729906+00:00,10016,Microsoft-Windows-DistributedCOM
12583,3,2026-03-19 19:44:58.555292+00:00,10016,Microsoft-Windows-DistributedCOM
12584,3,2026-03-19 19:44:58.583656+00:00,10016,Microsoft-Windows-DistributedCOM
12585,3,2026-03-19 19:44:58.625557+00:00,10016,Microsoft-Windows-DistributedCOM
12603,3,2026-03-20 01:14:23.532696+00:00,34,BTHUSB
12626,2,2026-03-20 01:14:38.713518+00:00,20,Microsoft-Windows-WindowsUpdateClient
12631,2,2026-03-20 01:14:58.505550+00:00,20,Microsoft-Windows-WindowsUpdateClient
12636,2,2026-03-20 01:14:59.108686+00:00,20,Microsoft-Windows-WindowsUpdateClient
12655,3,2026-03-20 04:52:07.727877+00:00,1014,Microsoft-Windows-DNS-Client
12656,3,2026-03-20 04:52:42.284710+00:00,4003,Microsoft-Windows-WLAN-AutoConfig
12664,2,2026-03-20 13:59:02.643255+00:00,6008,EventLog
12690,1,2026-03-20 13:58:54.971193+00:00,41,Microsoft-Windows-Kernel-Power
12732,3,2026-03-20 13:58:58.650740+00:00,34,BTHUSB
12786,2,2026-03-20 13:59:06.638681+00:00,1040,Microsoft-Windows-TPM-WMI
12800,3,2026-03-20 13:59:11.018764+00:00,10016,Microsoft-Windows-DistributedCOM
12801,3,2026-03-20 13:59:11.018764+00:00,10016,Microsoft-Windows-DistributedCOM
12850,3,2026-03-20 14:00:13.589964+00:00,10016,Microsoft-Windows-DistributedCOM
12851,3,2026-03-20 14:00:15.325764+00:00,10016,Microsoft-Windows-DistributedCOM
12854,3,2026-03-20 14:01:08.475067+00:00,10016,Microsoft-Windows-DistributedCOM
12855,3,2026-03-20 14:01:08.475067+00:00,10016,Microsoft-Windows-DistributedCOM
12856,3,2026-03-20 14:01:08.475067+00:00,10016,Microsoft-Windows-DistributedCOM
12858,2,2026-03-20 14:04:04.324030+00:00,1801,Microsoft-Windows-TPM-WMI
12864,3,2026-03-20 14:11:13.249212+00:00,10016,Microsoft-Windows-DistributedCOM
12866,3,2026-03-20 14:11:19.396732+00:00,10016,Microsoft-Windows-DistributedCOM
12867,3,2026-03-20 14:11:19.412418+00:00,10016,Microsoft-Windows-DistributedCOM
12868,3,2026-03-20 14:11:21.751471+00:00,10016,Microsoft-Windows-DistributedCOM
12879,3,2026-03-20 16:06:28.093277+00:00,10016,Microsoft-Windows-DistributedCOM
12880,3,2026-03-20 16:06:28.128658+00:00,10016,Microsoft-Windows-DistributedCOM
12881,3,2026-03-20 16:06:30.427319+00:00,10016,Microsoft-Windows-DistributedCOM
12882,3,2026-03-20 16:06:30.506783+00:00,10016,Microsoft-Windows-DistributedCOM
12936,3,2026-03-21 16:06:28.258385+00:00,10016,Microsoft-Windows-DistributedCOM
12937,3,2026-03-21 16:06:28.289801+00:00,10016,Microsoft-Windows-DistributedCOM
12938,3,2026-03-21 16:06:30.608665+00:00,10016,Microsoft-Windows-DistributedCOM
12939,3,2026-03-21 16:06:30.688362+00:00,10016,Microsoft-Windows-DistributedCOM
12962,2,2026-03-21 19:20:31.531298+00:00,10005,Microsoft-Windows-DistributedCOM
12963,2,2026-03-21 19:20:31.535297+00:00,10005,Microsoft-Windows-DistributedCOM
12964,2,2026-03-21 19:20:31.638988+00:00,10005,Microsoft-Windows-DistributedCOM
12965,2,2026-03-21 19:20:31.641991+00:00,10005,Microsoft-Windows-DistributedCOM
12993,3,2026-03-22 09:00:30.522320+00:00,4266,Tcpip
13006,3,2026-03-22 16:06:28.036621+00:00,10016,Microsoft-Windows-DistributedCOM
13007,3,2026-03-22 16:06:28.068296+00:00,10016,Microsoft-Windows-DistributedCOM
13008,3,2026-03-22 16:06:29.764530+00:00,10016,Microsoft-Windows-DistributedCOM
13009,3,2026-03-22 16:06:30.433575+00:00,10016,Microsoft-Windows-DistributedCOM
13026,3,2026-03-22 21:53:27.581049+00:00,10016,Microsoft-Windows-DistributedCOM
13081,3,2026-03-23 14:12:14.161810+00:00,10016,Microsoft-Windows-DistributedCOM
13082,3,2026-03-23 14:12:14.185814+00:00,10016,Microsoft-Windows-DistributedCOM
13083,3,2026-03-23 14:12:14.259867+00:00,10016,Microsoft-Windows-DistributedCOM
13084,3,2026-03-23 14:12:19.933525+00:00,10016,Microsoft-Windows-DistributedCOM
13085,3,2026-03-23 14:12:19.954962+00:00,10016,Microsoft-Windows-DistributedCOM
13086,3,2026-03-23 14:12:19.992964+00:00,10016,Microsoft-Windows-DistributedCOM
13088,3,2026-03-23 16:06:28.927069+00:00,10016,Microsoft-Windows-DistributedCOM
13089,3,2026-03-23 16:06:28.953114+00:00,10016,Microsoft-Windows-DistributedCOM
13090,3,2026-03-23 16:06:31.366486+00:00,10016,Microsoft-Windows-DistributedCOM
13091,3,2026-03-23 16:06:32.043325+00:00,10016,Microsoft-Windows-DistributedCOM
13102,3,2026-03-23 17:28:16.621321+00:00,10016,Microsoft-Windows-DistributedCOM
13103,3,2026-03-23 17:28:16.644403+00:00,10016,Microsoft-Windows-DistributedCOM
13104,3,2026-03-23 17:28:16.686462+00:00,10016,Microsoft-Windows-DistributedCOM
13105,3,2026-03-23 17:28:18.227764+00:00,10016,Microsoft-Windows-DistributedCOM
13106,3,2026-03-23 17:28:18.253811+00:00,10016,Microsoft-Windows-DistributedCOM
13107,3,2026-03-23 17:28:18.299856+00:00,10016,Microsoft-Windows-DistributedCOM
13108,3,2026-03-23 19:36:58.480602+00:00,10016,Microsoft-Windows-DistributedCOM
13109,3,2026-03-23 19:36:58.505697+00:00,10016,Microsoft-Windows-DistributedCOM
13110,3,2026-03-23 19:36:58.549328+00:00,10016,Microsoft-Windows-DistributedCOM
13111,3,2026-03-23 19:36:59.994705+00:00,10016,Microsoft-Windows-DistributedCOM
13112,3,2026-03-23 19:37:00.017731+00:00,10016,Microsoft-Windows-DistributedCOM
13113,3,2026-03-23 19:37:00.062853+00:00,10016,Microsoft-Windows-DistributedCOM
13114,3,2026-03-23 19:50:23.984585+00:00,10016,Microsoft-Windows-DistributedCOM
13115,3,2026-03-23 19:50:24.010643+00:00,10016,Microsoft-Windows-DistributedCOM
13116,3,2026-03-23 19:50:24.054874+00:00,10016,Microsoft-Windows-DistributedCOM
13117,3,2026-03-23 19:50:25.426546+00:00,10016,Microsoft-Windows-DistributedCOM
13118,3,2026-03-23 19:50:25.452190+00:00,10016,Microsoft-Windows-DistributedCOM
13119,3,2026-03-23 19:50:25.498013+00:00,10016,Microsoft-Windows-DistributedCOM
13139,3,2026-03-23 20:41:43.548458+00:00,34,BTHUSB
13156,3,2026-03-23 20:41:46.874424+00:00,1014,Microsoft-Windows-DNS-Client
13270,3,2026-03-24 15:58:15.273317+00:00,10016,Microsoft-Windows-DistributedCOM
13271,3,2026-03-24 15:58:15.300344+00:00,10016,Microsoft-Windows-DistributedCOM
13272,3,2026-03-24 15:58:15.357374+00:00,10016,Microsoft-Windows-DistributedCOM
13273,3,2026-03-24 15:58:17.197466+00:00,10016,Microsoft-Windows-DistributedCOM
13274,3,2026-03-24 15:58:17.220491+00:00,10016,Microsoft-Windows-DistributedCOM
13275,3,2026-03-24 15:58:17.258539+00:00,10016,Microsoft-Windows-DistributedCOM
13277,3,2026-03-24 16:06:29.017132+00:00,10016,Microsoft-Windows-DistributedCOM
13278,3,2026-03-24 16:06:29.037151+00:00,10016,Microsoft-Windows-DistributedCOM
13279,3,2026-03-24 16:06:31.457394+00:00,10016,Microsoft-Windows-DistributedCOM
13280,3,2026-03-24 16:06:32.491520+00:00,10016,Microsoft-Windows-DistributedCOM
13312,3,2026-03-24 19:04:32.498878+00:00,34,BTHUSB
13347,3,2026-03-25 00:52:14.118422+00:00,4266,Tcpip
13370,3,2026-03-25 14:15:57.551363+00:00,34,BTHUSB
13522,3,2026-03-25 16:06:28.762838+00:00,10016,Microsoft-Windows-DistributedCOM
13523,3,2026-03-25 16:06:28.782835+00:00,10016,Microsoft-Windows-DistributedCOM
13524,3,2026-03-25 16:06:31.248098+00:00,10016,Microsoft-Windows-DistributedCOM
13525,3,2026-03-25 16:06:31.673103+00:00,10016,Microsoft-Windows-DistributedCOM
13553,3,2026-03-25 17:07:33.177338+00:00,10016,Microsoft-Windows-DistributedCOM
13554,3,2026-03-25 17:35:19.522594+00:00,10016,Microsoft-Windows-DistributedCOM
13555,3,2026-03-25 17:35:19.550135+00:00,10016,Microsoft-Windows-DistributedCOM
13556,3,2026-03-25 17:35:19.603111+00:00,10016,Microsoft-Windows-DistributedCOM
13558,3,2026-03-25 17:35:21.239601+00:00,10016,Microsoft-Windows-DistributedCOM
13559,3,2026-03-25 17:35:21.264662+00:00,10016,Microsoft-Windows-DistributedCOM
13560,3,2026-03-25 17:35:21.365662+00:00,10016,Microsoft-Windows-DistributedCOM
13562,3,2026-03-25 19:14:01.389912+00:00,10016,Microsoft-Windows-DistributedCOM
13563,3,2026-03-25 19:14:01.415462+00:00,10016,Microsoft-Windows-DistributedCOM
13564,3,2026-03-25 19:14:01.463024+00:00,10016,Microsoft-Windows-DistributedCOM
13565,3,2026-03-25 19:14:03.136320+00:00,10016,Microsoft-Windows-DistributedCOM
13566,3,2026-03-25 19:14:03.159348+00:00,10016,Microsoft-Windows-DistributedCOM
13567,3,2026-03-25 19:14:03.190645+00:00,10016,Microsoft-Windows-DistributedCOM
13594,3,2026-03-26 03:26:40.411652+00:00,10016,Microsoft-Windows-DistributedCOM
13611,3,2026-03-26 05:26:40.552771+00:00,36,Microsoft-Windows-Time-Service
13634,3,2026-03-26 16:06:28.780916+00:00,10016,Microsoft-Windows-DistributedCOM
13635,3,2026-03-26 16:06:28.802919+00:00,10016,Microsoft-Windows-DistributedCOM
13636,3,2026-03-26 16:06:31.262985+00:00,10016,Microsoft-Windows-DistributedCOM
13637,3,2026-03-26 16:06:31.989927+00:00,10016,Microsoft-Windows-DistributedCOM
13700,3,2026-03-26 21:04:44.002464+00:00,10016,Microsoft-Windows-DistributedCOM
13712,3,2026-03-26 23:51:53.373568+00:00,10016,Microsoft-Windows-DistributedCOM
13731,2,2026-03-26 23:56:52.200708+00:00,20,Microsoft-Windows-WindowsUpdateClient
13748,3,2026-03-27 03:16:57.526802+00:00,34,BTHUSB
13793,3,2026-03-27 06:52:21.296621+00:00,4266,Tcpip
13821,3,2026-03-27 14:08:51.270254+00:00,10016,Microsoft-Windows-DistributedCOM
13822,3,2026-03-27 14:08:51.296289+00:00,10016,Microsoft-Windows-DistributedCOM
13823,3,2026-03-27 14:08:51.353668+00:00,10016,Microsoft-Windows-DistributedCOM
13824,3,2026-03-27 14:08:53.251551+00:00,10016,Microsoft-Windows-DistributedCOM
13825,3,2026-03-27 14:08:53.278383+00:00,10016,Microsoft-Windows-DistributedCOM
13826,3,2026-03-27 14:08:53.333313+00:00,10016,Microsoft-Windows-DistributedCOM
13828,3,2026-03-27 15:56:00.670788+00:00,10016,Microsoft-Windows-DistributedCOM
13829,3,2026-03-27 15:56:00.698845+00:00,10016,Microsoft-Windows-DistributedCOM
13830,3,2026-03-27 15:56:00.787968+00:00,10016,Microsoft-Windows-DistributedCOM
13832,3,2026-03-27 16:06:28.955616+00:00,10016,Microsoft-Windows-DistributedCOM
13833,3,2026-03-27 16:06:28.977768+00:00,10016,Microsoft-Windows-DistributedCOM
13834,3,2026-03-27 16:06:31.077341+00:00,10016,Microsoft-Windows-DistributedCOM
13835,3,2026-03-27 16:06:31.525787+00:00,10016,Microsoft-Windows-DistributedCOM
13841,3,2026-03-27 16:46:36.993523+00:00,10016,Microsoft-Windows-DistributedCOM
13842,3,2026-03-27 16:46:37.021933+00:00,10016,Microsoft-Windows-DistributedCOM
13843,3,2026-03-27 16:46:37.097477+00:00,10016,Microsoft-Windows-DistributedCOM
13855,3,2026-03-27 19:46:32.155958+00:00,10016,Microsoft-Windows-DistributedCOM
13856,3,2026-03-27 19:46:32.179543+00:00,10016,Microsoft-Windows-DistributedCOM
13857,3,2026-03-27 19:46:32.223976+00:00,10016,Microsoft-Windows-DistributedCOM
13858,3,2026-03-27 19:46:33.565193+00:00,10016,Microsoft-Windows-DistributedCOM
13859,3,2026-03-27 19:46:33.591835+00:00,10016,Microsoft-Windows-DistributedCOM
13860,3,2026-03-27 19:46:33.635279+00:00,10016,Microsoft-Windows-DistributedCOM
13877,3,2026-03-27 21:22:47.676243+00:00,10016,Microsoft-Windows-DistributedCOM
13887,3,2026-03-27 21:44:53.672764+00:00,10016,Microsoft-Windows-DistributedCOM
13931,3,2026-03-28 16:06:28.914499+00:00,10016,Microsoft-Windows-DistributedCOM
13932,3,2026-03-28 16:06:28.942499+00:00,10016,Microsoft-Windows-DistributedCOM
13933,3,2026-03-28 16:06:31.472164+00:00,10016,Microsoft-Windows-DistributedCOM
13934,3,2026-03-28 16:06:32.296629+00:00,10016,Microsoft-Windows-DistributedCOM
13953,2,2026-03-28 18:05:59.176872+00:00,20,Microsoft-Windows-WindowsUpdateClient
13972,2,2026-03-29 02:46:17.793718+00:00,20,Microsoft-Windows-WindowsUpdateClient
14000,3,2026-03-29 15:26:15.505497+00:00,34,BTHUSB
14052,3,2026-03-29 16:06:28.809492+00:00,10016,Microsoft-Windows-DistributedCOM
14053,3,2026-03-29 16:06:28.825491+00:00,10016,Microsoft-Windows-DistributedCOM
14054,3,2026-03-29 16:06:31.355497+00:00,10016,Microsoft-Windows-DistributedCOM
14055,3,2026-03-29 16:06:32.027941+00:00,10016,Microsoft-Windows-DistributedCOM
14099,3,2026-03-29 21:04:27.502275+00:00,34,BTHUSB
14138,2,2026-03-30 03:11:11.421160+00:00,6008,EventLog
14156,1,2026-03-30 03:11:03.078781+00:00,41,Microsoft-Windows-Kernel-Power
14208,3,2026-03-30 03:11:06.804857+00:00,34,BTHUSB
14266,2,2026-03-30 03:11:15.168472+00:00,1040,Microsoft-Windows-TPM-WMI
14286,3,2026-03-30 03:11:21.794403+00:00,10016,Microsoft-Windows-DistributedCOM
14287,3,2026-03-30 03:11:21.810041+00:00,10016,Microsoft-Windows-DistributedCOM
14348,3,2026-03-30 03:12:16.402395+00:00,10016,Microsoft-Windows-DistributedCOM
14349,3,2026-03-30 03:12:26.654739+00:00,10016,Microsoft-Windows-DistributedCOM
14379,3,2026-03-30 03:13:17.169704+00:00,10016,Microsoft-Windows-DistributedCOM
14380,3,2026-03-30 03:13:17.170706+00:00,10016,Microsoft-Windows-DistributedCOM
14381,3,2026-03-30 03:13:17.170706+00:00,10016,Microsoft-Windows-DistributedCOM
14384,2,2026-03-30 03:16:13.108738+00:00,1801,Microsoft-Windows-TPM-WMI
14386,3,2026-03-30 03:20:59.796787+00:00,10016,Microsoft-Windows-DistributedCOM
14388,3,2026-03-30 03:21:07.245760+00:00,10016,Microsoft-Windows-DistributedCOM
14389,3,2026-03-30 03:21:07.305876+00:00,10016,Microsoft-Windows-DistributedCOM
14390,3,2026-03-30 03:21:09.756147+00:00,10016,Microsoft-Windows-DistributedCOM
14396,3,2026-03-30 03:29:29.945202+00:00,10016,Microsoft-Windows-DistributedCOM
14397,3,2026-03-30 04:07:01.624798+00:00,10016,Microsoft-Windows-DistributedCOM
14420,3,2026-03-30 13:04:12.527496+00:00,34,BTHUSB
14457,3,2026-03-30 13:51:24.892769+00:00,4266,Tcpip
14458,3,2026-03-30 13:59:09.775789+00:00,10016,Microsoft-Windows-DistributedCOM
14459,3,2026-03-30 13:59:09.798792+00:00,10016,Microsoft-Windows-DistributedCOM
14460,3,2026-03-30 13:59:09.864809+00:00,10016,Microsoft-Windows-DistributedCOM
14461,3,2026-03-30 13:59:11.848036+00:00,10016,Microsoft-Windows-DistributedCOM
14462,3,2026-03-30 13:59:11.870035+00:00,10016,Microsoft-Windows-DistributedCOM
14463,3,2026-03-30 13:59:11.911036+00:00,10016,Microsoft-Windows-DistributedCOM
14482,3,2026-03-30 16:06:27.485315+00:00,10016,Microsoft-Windows-DistributedCOM
14483,3,2026-03-30 16:06:27.513369+00:00,10016,Microsoft-Windows-DistributedCOM
14484,3,2026-03-30 16:06:29.827881+00:00,10016,Microsoft-Windows-DistributedCOM
14485,3,2026-03-30 16:06:29.853943+00:00,10016,Microsoft-Windows-DistributedCOM
14505,3,2026-03-30 17:53:42.531914+00:00,34,BTHUSB
14540,3,2026-03-31 04:31:11.777407+00:00,1014,Microsoft-Windows-DNS-Client
14573,3,2026-03-31 15:36:41.326418+00:00,10016,Microsoft-Windows-DistributedCOM
14574,3,2026-03-31 15:36:41.352421+00:00,10016,Microsoft-Windows-DistributedCOM
14575,3,2026-03-31 15:36:41.405420+00:00,10016,Microsoft-Windows-DistributedCOM
14576,3,2026-03-31 15:36:43.007599+00:00,10016,Microsoft-Windows-DistributedCOM
14577,3,2026-03-31 15:36:43.031599+00:00,10016,Microsoft-Windows-DistributedCOM
14578,3,2026-03-31 15:36:43.073631+00:00,10016,Microsoft-Windows-DistributedCOM
14580,3,2026-03-31 16:06:28.692785+00:00,10016,Microsoft-Windows-DistributedCOM
14581,3,2026-03-31 16:06:28.708801+00:00,10016,Microsoft-Windows-DistributedCOM
14582,3,2026-03-31 16:06:31.113106+00:00,10016,Microsoft-Windows-DistributedCOM
14583,3,2026-03-31 16:06:32.077930+00:00,10016,Microsoft-Windows-DistributedCOM
14584,3,2026-03-31 16:12:28.477667+00:00,4266,Tcpip
14628,3,2026-04-01 04:14:55.540627+00:00,34,BTHUSB
14687,3,2026-04-01 14:14:21.559589+00:00,34,BTHUSB
14729,3,2026-04-01 16:06:27.963305+00:00,10016,Microsoft-Windows-DistributedCOM
14730,3,2026-04-01 16:06:27.980337+00:00,10016,Microsoft-Windows-DistributedCOM
14731,3,2026-04-01 16:06:29.641596+00:00,10016,Microsoft-Windows-DistributedCOM
14732,3,2026-04-01 16:06:30.291500+00:00,10016,Microsoft-Windows-DistributedCOM
14733,3,2026-04-01 16:30:36.602682+00:00,4266,Tcpip
14734,3,2026-04-01 16:45:43.736906+00:00,10016,Microsoft-Windows-DistributedCOM
14735,3,2026-04-01 16:45:43.759485+00:00,10016,Microsoft-Windows-DistributedCOM
14736,3,2026-04-01 16:45:43.873552+00:00,10016,Microsoft-Windows-DistributedCOM
14737,3,2026-04-01 16:45:45.790617+00:00,10016,Microsoft-Windows-DistributedCOM
14738,3,2026-04-01 16:45:45.817728+00:00,10016,Microsoft-Windows-DistributedCOM
14739,3,2026-04-01 16:45:45.858845+00:00,10016,Microsoft-Windows-DistributedCOM
14759,2,2026-04-01 23:26:47.560034+00:00,6008,EventLog
14785,1,2026-04-01 23:26:40.247389+00:00,41,Microsoft-Windows-Kernel-Power
14824,3,2026-04-01 23:26:41.776752+00:00,34,BTHUSB
14880,2,2026-04-01 23:26:52.074648+00:00,1040,Microsoft-Windows-TPM-WMI
14898,3,2026-04-01 23:26:55.009901+00:00,10016,Microsoft-Windows-DistributedCOM
14899,3,2026-04-01 23:26:55.009901+00:00,10016,Microsoft-Windows-DistributedCOM
14910,3,2026-04-01 23:27:39.419735+00:00,10016,Microsoft-Windows-DistributedCOM
14942,3,2026-04-01 23:27:49.948652+00:00,10016,Microsoft-Windows-DistributedCOM
14972,3,2026-04-01 23:28:53.846914+00:00,10016,Microsoft-Windows-DistributedCOM
14973,3,2026-04-01 23:28:53.846914+00:00,10016,Microsoft-Windows-DistributedCOM
14974,3,2026-04-01 23:28:53.847954+00:00,10016,Microsoft-Windows-DistributedCOM
14975,2,2026-04-01 23:31:49.072824+00:00,1801,Microsoft-Windows-TPM-WMI
14980,3,2026-04-01 23:38:57.058624+00:00,10016,Microsoft-Windows-DistributedCOM
14981,3,2026-04-01 23:39:02.721649+00:00,10016,Microsoft-Windows-DistributedCOM
14982,3,2026-04-01 23:39:02.738670+00:00,10016,Microsoft-Windows-DistributedCOM
14983,3,2026-04-01 23:39:05.050253+00:00,10016,Microsoft-Windows-DistributedCOM
14984,3,2026-04-01 23:43:03.461267+00:00,10016,Microsoft-Windows-DistributedCOM
14988,3,2026-04-01 23:53:11.058609+00:00,4266,Tcpip
15008,3,2026-04-02 03:58:19.532581+00:00,34,BTHUSB
15027,3,2026-04-02 03:58:22.837612+00:00,1014,Microsoft-Windows-DNS-Client
15041,3,2026-04-02 14:32:51.506344+00:00,34,BTHUSB
15067,3,2026-04-02 14:53:39.313173+00:00,10016,Microsoft-Windows-DistributedCOM
15068,3,2026-04-02 14:53:39.337824+00:00,10016,Microsoft-Windows-DistributedCOM
15069,3,2026-04-02 14:53:39.409592+00:00,10016,Microsoft-Windows-DistributedCOM
15070,3,2026-04-02 14:53:40.984079+00:00,10016,Microsoft-Windows-DistributedCOM
15071,3,2026-04-02 14:53:41.005075+00:00,10016,Microsoft-Windows-DistributedCOM
15072,3,2026-04-02 14:53:41.045074+00:00,10016,Microsoft-Windows-DistributedCOM
15076,3,2026-04-02 16:06:27.502308+00:00,10016,Microsoft-Windows-DistributedCOM
15077,3,2026-04-02 16:06:27.524307+00:00,10016,Microsoft-Windows-DistributedCOM
15078,3,2026-04-02 16:06:29.891527+00:00,10016,Microsoft-Windows-DistributedCOM
15079,3,2026-04-02 16:06:29.916527+00:00,10016,Microsoft-Windows-DistributedCOM
15135,3,2026-04-02 21:05:26.914459+00:00,10016,Microsoft-Windows-DistributedCOM
15242,3,2026-04-03 03:30:06.200518+00:00,10016,Microsoft-Windows-DistributedCOM
15409,3,2026-04-03 16:06:28.995888+00:00,10016,Microsoft-Windows-DistributedCOM
15410,3,2026-04-03 16:06:29.019909+00:00,10016,Microsoft-Windows-DistributedCOM
15411,3,2026-04-03 16:06:31.570728+00:00,10016,Microsoft-Windows-DistributedCOM
15412,3,2026-04-03 16:06:32.214191+00:00,10016,Microsoft-Windows-DistributedCOM
15422,3,2026-04-03 19:58:30.625191+00:00,10016,Microsoft-Windows-DistributedCOM
15423,3,2026-04-03 19:58:30.652487+00:00,10016,Microsoft-Windows-DistributedCOM
15424,3,2026-04-03 19:58:30.710934+00:00,10016,Microsoft-Windows-DistributedCOM
15425,3,2026-04-03 19:58:32.295179+00:00,10016,Microsoft-Windows-DistributedCOM
15426,3,2026-04-03 19:58:32.323578+00:00,10016,Microsoft-Windows-DistributedCOM
15427,3,2026-04-03 19:58:32.369745+00:00,10016,Microsoft-Windows-DistributedCOM
15428,3,2026-04-03 20:13:37.499001+00:00,10016,Microsoft-Windows-DistributedCOM
15429,3,2026-04-03 20:13:37.528088+00:00,10016,Microsoft-Windows-DistributedCOM
15430,3,2026-04-03 20:13:37.580002+00:00,10016,Microsoft-Windows-DistributedCOM
15431,3,2026-04-03 20:13:39.126766+00:00,10016,Microsoft-Windows-DistributedCOM
15432,3,2026-04-03 20:13:39.153032+00:00,10016,Microsoft-Windows-DistributedCOM
15433,3,2026-04-03 20:13:39.198359+00:00,10016,Microsoft-Windows-DistributedCOM
15443,3,2026-04-04 04:05:17.917479+00:00,10016,Microsoft-Windows-DistributedCOM
15462,2,2026-04-04 13:26:55.945969+00:00,6008,EventLog
15480,1,2026-04-04 13:26:47.875225+00:00,41,Microsoft-Windows-Kernel-Power
15520,3,2026-04-04 13:26:51.536545+00:00,34,BTHUSB
15575,2,2026-04-04 13:27:00.405497+00:00,1040,Microsoft-Windows-TPM-WMI
15593,3,2026-04-04 13:27:26.100719+00:00,10016,Microsoft-Windows-DistributedCOM
15594,3,2026-04-04 13:27:26.100719+00:00,10016,Microsoft-Windows-DistributedCOM
15596,3,2026-04-04 13:28:13.193420+00:00,10016,Microsoft-Windows-DistributedCOM
15631,3,2026-04-04 13:28:25.388466+00:00,10016,Microsoft-Windows-DistributedCOM
15632,3,2026-04-04 13:28:35.590977+00:00,10016,Microsoft-Windows-DistributedCOM
15634,3,2026-04-04 13:29:02.179573+00:00,10016,Microsoft-Windows-DistributedCOM
15635,3,2026-04-04 13:29:02.180576+00:00,10016,Microsoft-Windows-DistributedCOM
15636,3,2026-04-04 13:29:02.180576+00:00,10016,Microsoft-Windows-DistributedCOM
15638,3,2026-04-04 13:29:30.833817+00:00,10016,Microsoft-Windows-DistributedCOM
15639,2,2026-04-04 13:31:57.559660+00:00,1801,Microsoft-Windows-TPM-WMI
15643,3,2026-04-04 13:39:28.544909+00:00,10016,Microsoft-Windows-DistributedCOM
15644,3,2026-04-04 13:39:34.421396+00:00,10016,Microsoft-Windows-DistributedCOM
15645,3,2026-04-04 13:39:34.450922+00:00,10016,Microsoft-Windows-DistributedCOM
15646,3,2026-04-04 13:39:36.723522+00:00,10016,Microsoft-Windows-DistributedCOM
15660,3,2026-04-04 16:15:55.351326+00:00,4266,Tcpip
15676,2,2026-04-04 18:24:21.241131+00:00,3509,Microsoft-Windows-DeviceAssociationService
15722,3,2026-04-06 03:08:09.523712+00:00,34,BTHUSB
15757,3,2026-04-06 14:12:35.538767+00:00,34,BTHUSB
15780,3,2026-04-06 14:19:40.940269+00:00,10016,Microsoft-Windows-DistributedCOM
15827,3,2026-04-06 17:01:54.504757+00:00,10016,Microsoft-Windows-DistributedCOM
15828,3,2026-04-06 17:01:54.531788+00:00,10016,Microsoft-Windows-DistributedCOM
15829,3,2026-04-06 17:01:54.590801+00:00,10016,Microsoft-Windows-DistributedCOM
15830,3,2026-04-06 17:01:56.413498+00:00,10016,Microsoft-Windows-DistributedCOM
15831,3,2026-04-06 17:01:56.440048+00:00,10016,Microsoft-Windows-DistributedCOM
15832,3,2026-04-06 17:01:56.481422+00:00,10016,Microsoft-Windows-DistributedCOM
15837,3,2026-04-06 19:21:44.209639+00:00,4266,Tcpip
15905,3,2026-04-07 14:32:20.531975+00:00,34,BTHUSB
15947,3,2026-04-07 14:51:47.756758+00:00,10016,Microsoft-Windows-DistributedCOM
15948,3,2026-04-07 14:51:47.781788+00:00,10016,Microsoft-Windows-DistributedCOM
15949,3,2026-04-07 14:51:47.830791+00:00,10016,Microsoft-Windows-DistributedCOM
15950,3,2026-04-07 14:51:49.905781+00:00,10016,Microsoft-Windows-DistributedCOM
15951,3,2026-04-07 14:51:49.930288+00:00,10016,Microsoft-Windows-DistributedCOM
15952,3,2026-04-07 14:51:49.973043+00:00,10016,Microsoft-Windows-DistributedCOM
15959,3,2026-04-07 17:38:44.642921+00:00,10016,Microsoft-Windows-DistributedCOM
15960,3,2026-04-07 17:38:44.667122+00:00,10016,Microsoft-Windows-DistributedCOM
15961,3,2026-04-07 17:38:44.772928+00:00,10016,Microsoft-Windows-DistributedCOM
15962,3,2026-04-07 17:38:46.250113+00:00,10016,Microsoft-Windows-DistributedCOM
15963,3,2026-04-07 17:38:46.275681+00:00,10016,Microsoft-Windows-DistributedCOM
15964,3,2026-04-07 17:38:46.317728+00:00,10016,Microsoft-Windows-DistributedCOM
16035,3,2026-04-08 07:29:32.542877+00:00,34,BTHUSB
16157,3,2026-04-08 07:30:10.598625+00:00,34,BTHUSB
16230,3,2026-04-08 07:30:19.601200+00:00,10016,Microsoft-Windows-DistributedCOM
16231,3,2026-04-08 07:30:19.616919+00:00,10016,Microsoft-Windows-DistributedCOM
16266,2,2026-04-08 07:30:28.360933+00:00,1040,Microsoft-Windows-TPM-WMI
16306,3,2026-04-08 07:31:03.382158+00:00,10016,Microsoft-Windows-DistributedCOM
16307,3,2026-04-08 07:32:20.005672+00:00,10016,Microsoft-Windows-DistributedCOM
16308,3,2026-04-08 07:32:20.005672+00:00,10016,Microsoft-Windows-DistributedCOM
16309,3,2026-04-08 07:32:20.005672+00:00,10016,Microsoft-Windows-DistributedCOM
16326,3,2026-04-08 07:42:22.535181+00:00,10016,Microsoft-Windows-DistributedCOM
16329,3,2026-04-08 07:42:28.728148+00:00,10016,Microsoft-Windows-DistributedCOM
16330,3,2026-04-08 07:42:28.745146+00:00,10016,Microsoft-Windows-DistributedCOM
16331,3,2026-04-08 07:42:31.312630+00:00,10016,Microsoft-Windows-DistributedCOM
16332,3,2026-04-08 07:42:33.496765+00:00,10016,Microsoft-Windows-DistributedCOM
16370,3,2026-04-08 13:53:46.773956+00:00,10016,Microsoft-Windows-DistributedCOM
16373,3,2026-04-08 16:06:27.629747+00:00,10016,Microsoft-Windows-DistributedCOM
16374,3,2026-04-08 16:06:27.651272+00:00,10016,Microsoft-Windows-DistributedCOM
16375,3,2026-04-08 16:06:29.923666+00:00,10016,Microsoft-Windows-DistributedCOM
16376,3,2026-04-08 16:06:29.979954+00:00,10016,Microsoft-Windows-DistributedCOM
16396,3,2026-04-08 18:56:06.539688+00:00,34,BTHUSB
16419,3,2026-04-08 19:05:11.282017+00:00,10016,Microsoft-Windows-DistributedCOM
16420,3,2026-04-08 19:05:11.307144+00:00,10016,Microsoft-Windows-DistributedCOM
16421,3,2026-04-08 19:05:11.391991+00:00,10016,Microsoft-Windows-DistributedCOM
16422,3,2026-04-08 19:05:13.519819+00:00,10016,Microsoft-Windows-DistributedCOM
16423,3,2026-04-08 19:05:13.543531+00:00,10016,Microsoft-Windows-DistributedCOM
16424,3,2026-04-08 19:05:13.585867+00:00,10016,Microsoft-Windows-DistributedCOM
16440,3,2026-04-09 03:29:32.494968+00:00,34,BTHUSB
16522,3,2026-04-09 03:38:25.743710+00:00,10016,Microsoft-Windows-DistributedCOM
16531,3,2026-04-09 04:13:53.428034+00:00,1014,Microsoft-Windows-DNS-Client
16532,3,2026-04-09 04:14:29.182018+00:00,4003,Microsoft-Windows-WLAN-AutoConfig
16545,3,2026-04-09 04:17:04.198746+00:00,4266,Tcpip
16546,3,2026-04-09 04:19:27.773315+00:00,4003,Microsoft-Windows-WLAN-AutoConfig
16559,3,2026-04-09 04:27:02.073944+00:00,4003,Microsoft-Windows-WLAN-AutoConfig
16638,3,2026-04-09 14:51:36.535896+00:00,34,BTHUSB
16670,3,2026-04-09 14:57:59.177179+00:00,10016,Microsoft-Windows-DistributedCOM
16682,3,2026-04-09 16:06:11.342945+00:00,10016,Microsoft-Windows-DistributedCOM
16683,3,2026-04-09 16:06:11.371952+00:00,10016,Microsoft-Windows-DistributedCOM
16684,3,2026-04-09 16:06:11.465527+00:00,10016,Microsoft-Windows-DistributedCOM
16685,3,2026-04-09 16:06:28.486755+00:00,10016,Microsoft-Windows-DistributedCOM
16686,3,2026-04-09 16:06:28.517277+00:00,10016,Microsoft-Windows-DistributedCOM
16687,3,2026-04-09 16:06:31.157669+00:00,10016,Microsoft-Windows-DistributedCOM
16688,3,2026-04-09 16:06:31.581802+00:00,10016,Microsoft-Windows-DistributedCOM
16689,3,2026-04-09 16:06:57.485445+00:00,10016,Microsoft-Windows-DistributedCOM
16690,3,2026-04-09 16:06:57.511021+00:00,10016,Microsoft-Windows-DistributedCOM
16691,3,2026-04-09 16:06:57.586395+00:00,10016,Microsoft-Windows-DistributedCOM
16704,2,2026-04-09 19:05:09.098972+00:00,20,Microsoft-Windows-WindowsUpdateClient
16711,2,2026-04-09 19:05:54.475199+00:00,20,Microsoft-Windows-WindowsUpdateClient
16731,3,2026-04-10 02:55:30.504387+00:00,34,BTHUSB
16836,3,2026-04-10 14:13:45.505491+00:00,34,BTHUSB
16874,3,2026-04-10 16:06:26.810867+00:00,10016,Microsoft-Windows-DistributedCOM
16875,3,2026-04-10 16:06:26.840868+00:00,10016,Microsoft-Windows-DistributedCOM
16876,3,2026-04-10 16:06:29.196381+00:00,10016,Microsoft-Windows-DistributedCOM
16877,3,2026-04-10 16:06:29.372444+00:00,10016,Microsoft-Windows-DistributedCOM
16881,3,2026-04-10 16:26:25.416676+00:00,4266,Tcpip
16889,3,2026-04-10 18:40:03.482841+00:00,10016,Microsoft-Windows-DistributedCOM
16890,3,2026-04-10 18:40:03.517046+00:00,10016,Microsoft-Windows-DistributedCOM
16891,3,2026-04-10 18:40:03.569042+00:00,10016,Microsoft-Windows-DistributedCOM
16892,3,2026-04-10 18:40:05.006079+00:00,10016,Microsoft-Windows-DistributedCOM
16893,3,2026-04-10 18:40:05.031076+00:00,10016,Microsoft-Windows-DistributedCOM
16894,3,2026-04-10 18:40:05.073076+00:00,10016,Microsoft-Windows-DistributedCOM
16908,2,2026-04-10 21:31:57.917030+00:00,20,Microsoft-Windows-WindowsUpdateClient
16911,2,2026-04-10 21:32:06.263693+00:00,20,Microsoft-Windows-WindowsUpdateClient
16929,3,2026-04-11 04:01:45.495344+00:00,34,BTHUSB
16998,3,2026-04-11 15:25:22.501415+00:00,34,BTHUSB
17042,2,2026-04-11 15:40:53.366907+00:00,20,Microsoft-Windows-WindowsUpdateClient
17044,2,2026-04-11 15:40:55.028769+00:00,20,Microsoft-Windows-WindowsUpdateClient
17070,3,2026-04-11 16:38:33.542231+00:00,4266,Tcpip
17085,3,2026-04-12 00:47:15.391165+00:00,10016,Microsoft-Windows-DistributedCOM
17086,3,2026-04-12 00:47:15.416725+00:00,10016,Microsoft-Windows-DistributedCOM
17087,3,2026-04-12 00:47:15.467945+00:00,10016,Microsoft-Windows-DistributedCOM
17088,3,2026-04-12 00:47:17.021336+00:00,10016,Microsoft-Windows-DistributedCOM
17089,3,2026-04-12 00:47:17.047422+00:00,10016,Microsoft-Windows-DistributedCOM
17090,3,2026-04-12 00:47:17.089657+00:00,10016,Microsoft-Windows-DistributedCOM
17110,3,2026-04-12 17:01:11.539488+00:00,34,BTHUSB
17170,2,2026-04-12 17:18:05.861265+00:00,20,Microsoft-Windows-WindowsUpdateClient
17173,2,2026-04-12 17:18:13.598539+00:00,20,Microsoft-Windows-WindowsUpdateClient
17175,3,2026-04-12 17:44:23.089994+00:00,10016,Microsoft-Windows-DistributedCOM
17176,3,2026-04-12 17:44:23.111998+00:00,10016,Microsoft-Windows-DistributedCOM
17177,3,2026-04-12 17:44:23.155611+00:00,10016,Microsoft-Windows-DistributedCOM
17178,3,2026-04-12 17:44:49.234039+00:00,10016,Microsoft-Windows-DistributedCOM
17179,3,2026-04-12 17:44:49.258036+00:00,10016,Microsoft-Windows-DistributedCOM
17180,3,2026-04-12 17:44:49.299038+00:00,10016,Microsoft-Windows-DistributedCOM
17185,3,2026-04-12 18:19:01.010891+00:00,10016,Microsoft-Windows-DistributedCOM
17186,3,2026-04-12 18:19:01.034693+00:00,10016,Microsoft-Windows-DistributedCOM
17187,3,2026-04-12 18:19:01.078566+00:00,10016,Microsoft-Windows-DistributedCOM
17188,3,2026-04-12 18:19:02.651421+00:00,10016,Microsoft-Windows-DistributedCOM
17189,3,2026-04-12 18:19:02.676039+00:00,10016,Microsoft-Windows-DistributedCOM
17190,3,2026-04-12 18:19:02.718914+00:00,10016,Microsoft-Windows-DistributedCOM
17192,3,2026-04-12 19:29:00.397736+00:00,4266,Tcpip
17206,3,2026-04-12 22:42:50.528727+00:00,34,BTHUSB
17242,3,2026-04-13 14:52:04.502918+00:00,34,BTHUSB
17293,3,2026-04-13 17:10:11.154833+00:00,10016,Microsoft-Windows-DistributedCOM
17294,3,2026-04-13 17:10:11.179867+00:00,10016,Microsoft-Windows-DistributedCOM
17295,3,2026-04-13 17:10:11.210670+00:00,10016,Microsoft-Windows-DistributedCOM
17296,3,2026-04-13 17:10:12.853596+00:00,10016,Microsoft-Windows-DistributedCOM
17297,3,2026-04-13 17:10:12.880600+00:00,10016,Microsoft-Windows-DistributedCOM
17298,3,2026-04-13 17:10:12.922600+00:00,10016,Microsoft-Windows-DistributedCOM
17302,2,2026-04-13 17:25:51.617035+00:00,20,Microsoft-Windows-WindowsUpdateClient
17304,2,2026-04-13 17:25:51.918840+00:00,20,Microsoft-Windows-WindowsUpdateClient
17343,3,2026-04-14 03:57:43.534430+00:00,34,BTHUSB
17395,3,2026-04-14 04:07:48.946215+00:00,10016,Microsoft-Windows-DistributedCOM
17396,3,2026-04-14 05:06:01.980543+00:00,4266,Tcpip
17412,3,2026-04-14 22:05:23.509298+00:00,34,BTHUSB
17503,2,2026-04-14 22:37:17.892555+00:00,20,Microsoft-Windows-WindowsUpdateClient
17507,2,2026-04-14 22:37:20.046350+00:00,20,Microsoft-Windows-WindowsUpdateClient
17529,2,2026-04-14 22:39:38.237556+00:00,20,Microsoft-Windows-WindowsUpdateClient
17626,3,2026-04-15 06:26:13.801353+00:00,4266,Tcpip
17746,3,2026-04-15 07:30:50.675430+00:00,34,BTHUSB
17816,2,2026-04-15 07:31:00.829546+00:00,1040,Microsoft-Windows-TPM-WMI
17945,3,2026-04-15 07:32:23.353197+00:00,34,BTHUSB
17995,2,2026-04-15 07:32:32.919985+00:00,1040,Microsoft-Windows-TPM-WMI
18072,3,2026-04-15 07:32:59.548960+00:00,34,BTHUSB
18123,2,2026-04-15 07:33:07.777952+00:00,1040,Microsoft-Windows-TPM-WMI
18131,3,2026-04-15 07:33:21.315660+00:00,10016,Microsoft-Windows-DistributedCOM
18142,3,2026-04-15 07:35:08.561949+00:00,10016,Microsoft-Windows-DistributedCOM
18144,3,2026-04-15 07:43:16.208672+00:00,10016,Microsoft-Windows-DistributedCOM
18154,3,2026-04-15 10:38:50.617737+00:00,10016,Microsoft-Windows-DistributedCOM
18160,2,2026-04-15 20:21:46.794138+00:00,6008,EventLog
18193,1,2026-04-15 20:21:37.870127+00:00,41,Microsoft-Windows-Kernel-Power
18213,3,2026-04-15 20:21:41.548771+00:00,34,BTHUSB
18263,3,2026-04-15 20:21:47.440226+00:00,10016,Microsoft-Windows-DistributedCOM
18269,2,2026-04-15 20:21:50.551508+00:00,1040,Microsoft-Windows-TPM-WMI
18279,3,2026-04-15 20:22:16.295359+00:00,10016,Microsoft-Windows-DistributedCOM
18280,3,2026-04-15 20:22:16.310995+00:00,10016,Microsoft-Windows-DistributedCOM
18297,3,2026-04-15 20:23:06.426823+00:00,10016,Microsoft-Windows-DistributedCOM
18330,3,2026-04-15 20:23:52.097239+00:00,10016,Microsoft-Windows-DistributedCOM
18331,3,2026-04-15 20:23:52.097239+00:00,10016,Microsoft-Windows-DistributedCOM
18332,3,2026-04-15 20:23:52.098236+00:00,10016,Microsoft-Windows-DistributedCOM
18336,3,2026-04-15 20:26:25.278421+00:00,10016,Microsoft-Windows-DistributedCOM
18337,3,2026-04-15 20:26:25.302422+00:00,10016,Microsoft-Windows-DistributedCOM
18338,3,2026-04-15 20:26:25.782719+00:00,10016,Microsoft-Windows-DistributedCOM
18339,3,2026-04-15 20:26:27.381372+00:00,10016,Microsoft-Windows-DistributedCOM
18340,3,2026-04-15 20:26:27.405375+00:00,10016,Microsoft-Windows-DistributedCOM
18341,3,2026-04-15 20:26:27.447371+00:00,10016,Microsoft-Windows-DistributedCOM
18345,3,2026-04-15 20:34:44.592165+00:00,10016,Microsoft-Windows-DistributedCOM
18347,3,2026-04-15 20:36:22.506178+00:00,10016,Microsoft-Windows-DistributedCOM
18348,3,2026-04-15 20:36:22.872648+00:00,10016,Microsoft-Windows-DistributedCOM
18350,3,2026-04-15 20:36:48.775768+00:00,10016,Microsoft-Windows-DistributedCOM
18351,3,2026-04-15 20:37:11.645815+00:00,10016,Microsoft-Windows-DistributedCOM
18373,3,2026-04-15 20:43:24.176851+00:00,100,winsrvext
18374,3,2026-04-15 20:43:24.176933+00:00,100,winsrvext
18376,2,2026-04-15 20:43:26.783140+00:00,10010,Microsoft-Windows-DistributedCOM
18442,3,2026-04-15 20:44:09.143991+00:00,34,BTHUSB
18491,3,2026-04-15 20:44:15.282511+00:00,10016,Microsoft-Windows-DistributedCOM
18495,3,2026-04-15 20:44:20.103010+00:00,10016,Microsoft-Windows-DistributedCOM
18496,3,2026-04-15 20:44:20.107025+00:00,10016,Microsoft-Windows-DistributedCOM
18504,2,2026-04-15 20:44:27.340717+00:00,1040,Microsoft-Windows-TPM-WMI
18541,3,2026-04-15 20:45:07.722536+00:00,10016,Microsoft-Windows-DistributedCOM
18542,3,2026-04-15 20:45:30.823988+00:00,10016,Microsoft-Windows-DistributedCOM
18544,3,2026-04-15 20:46:37.667824+00:00,10016,Microsoft-Windows-DistributedCOM
18545,3,2026-04-15 20:46:37.667824+00:00,10016,Microsoft-Windows-DistributedCOM
18546,3,2026-04-15 20:46:37.668825+00:00,10016,Microsoft-Windows-DistributedCOM
18549,3,2026-04-15 20:54:27.690552+00:00,10016,Microsoft-Windows-DistributedCOM
18554,3,2026-04-15 20:56:19.776093+00:00,10016,Microsoft-Windows-DistributedCOM
18555,3,2026-04-15 20:56:25.540409+00:00,10016,Microsoft-Windows-DistributedCOM
18556,3,2026-04-15 20:56:25.567410+00:00,10016,Microsoft-Windows-DistributedCOM
18557,3,2026-04-15 20:56:27.909248+00:00,10016,Microsoft-Windows-DistributedCOM
18559,3,2026-04-15 22:44:33.679071+00:00,10016,Microsoft-Windows-DistributedCOM
18580,3,2026-04-16 08:44:15.923725+00:00,10016,Microsoft-Windows-DistributedCOM
18587,3,2026-04-16 10:54:10.647242+00:00,10016,Microsoft-Windows-DistributedCOM
18597,3,2026-04-16 16:06:28.543434+00:00,10016,Microsoft-Windows-DistributedCOM
18598,3,2026-04-16 16:06:28.569435+00:00,10016,Microsoft-Windows-DistributedCOM
18599,3,2026-04-16 16:06:30.898180+00:00,10016,Microsoft-Windows-DistributedCOM
18600,3,2026-04-16 16:06:30.965181+00:00,10016,Microsoft-Windows-DistributedCOM
18614,3,2026-04-16 20:54:33.356005+00:00,10016,Microsoft-Windows-DistributedCOM
18625,3,2026-04-16 22:18:39.280167+00:00,4266,Tcpip
18626,3,2026-04-16 22:52:20.509672+00:00,10016,Microsoft-Windows-DistributedCOM
18633,3,2026-04-16 23:54:15.889925+00:00,10016,Microsoft-Windows-DistributedCOM
18718,3,2026-04-17 16:02:25.530561+00:00,34,BTHUSB
18727,3,2026-04-17 16:02:29.396441+00:00,1014,Microsoft-Windows-DNS-Client
18728,3,2026-04-17 16:03:51.568596+00:00,10016,Microsoft-Windows-DistributedCOM
18735,3,2026-04-17 16:13:58.323141+00:00,10016,Microsoft-Windows-DistributedCOM
18748,3,2026-04-17 19:08:14.396202+00:00,10016,Microsoft-Windows-DistributedCOM
18749,3,2026-04-17 19:08:14.420204+00:00,10016,Microsoft-Windows-DistributedCOM
18750,3,2026-04-17 19:08:14.488714+00:00,10016,Microsoft-Windows-DistributedCOM
18751,3,2026-04-17 19:08:15.976557+00:00,10016,Microsoft-Windows-DistributedCOM
18752,3,2026-04-17 19:08:16.001556+00:00,10016,Microsoft-Windows-DistributedCOM
18753,3,2026-04-17 19:08:16.044556+00:00,10016,Microsoft-Windows-DistributedCOM
18756,3,2026-04-17 20:08:39.088211+00:00,10016,Microsoft-Windows-DistributedCOM
18767,3,2026-04-18 23:04:54.491390+00:00,34,BTHUSB
18779,3,2026-04-18 23:05:26.796478+00:00,10016,Microsoft-Windows-DistributedCOM
18809,3,2026-04-20 20:20:24.525352+00:00,34,BTHUSB
18819,3,2026-04-20 20:20:36.870663+00:00,10016,Microsoft-Windows-DistributedCOM
18824,3,2026-04-20 20:20:50.599474+00:00,10016,Microsoft-Windows-DistributedCOM
18825,3,2026-04-20 20:20:50.623098+00:00,10016,Microsoft-Windows-DistributedCOM
18826,3,2026-04-20 20:20:50.785061+00:00,10016,Microsoft-Windows-DistributedCOM
18827,3,2026-04-20 20:20:52.878010+00:00,10016,Microsoft-Windows-DistributedCOM
18828,3,2026-04-20 20:20:52.900930+00:00,10016,Microsoft-Windows-DistributedCOM
18829,3,2026-04-20 20:20:52.964748+00:00,10016,Microsoft-Windows-DistributedCOM
18836,2,2026-04-20 20:21:42.346247+00:00,20,Microsoft-Windows-WindowsUpdateClient
18849,3,2026-04-20 20:45:12.321527+00:00,10016,Microsoft-Windows-DistributedCOM
18868,2,2026-04-20 20:45:43.584917+00:00,20,Microsoft-Windows-WindowsUpdateClient
18896,3,2026-04-21 00:31:55.108114+00:00,10016,Microsoft-Windows-DistributedCOM
18914,3,2026-04-21 06:56:42.195265+00:00,10016,Microsoft-Windows-DistributedCOM
18917,3,2026-04-21 07:22:52.900766+00:00,4266,Tcpip
18921,3,2026-04-21 08:45:21.869907+00:00,10016,Microsoft-Windows-DistributedCOM
18977,3,2026-04-21 18:26:25.903259+00:00,10016,Microsoft-Windows-DistributedCOM
18981,3,2026-04-21 19:50:56.530170+00:00,10016,Microsoft-Windows-DistributedCOM
18982,3,2026-04-21 19:50:56.567421+00:00,10016,Microsoft-Windows-DistributedCOM
18983,3,2026-04-21 19:50:56.618526+00:00,10016,Microsoft-Windows-DistributedCOM
18984,3,2026-04-21 19:50:58.473539+00:00,10016,Microsoft-Windows-DistributedCOM
18985,3,2026-04-21 19:50:58.504492+00:00,10016,Microsoft-Windows-DistributedCOM
18986,3,2026-04-21 19:50:58.565401+00:00,10016,Microsoft-Windows-DistributedCOM
18989,3,2026-04-21 21:15:21.367516+00:00,10016,Microsoft-Windows-DistributedCOM
19007,3,2026-04-21 21:44:34.356184+00:00,10016,Microsoft-Windows-DistributedCOM
19014,2,2026-04-21 21:45:11.553900+00:00,20,Microsoft-Windows-WindowsUpdateClient
19024,2,2026-04-21 21:48:20.202332+00:00,20,Microsoft-Windows-WindowsUpdateClient
19030,3,2026-04-22 00:21:57.547939+00:00,10016,Microsoft-Windows-DistributedCOM
19034,3,2026-04-22 01:58:38.803169+00:00,10016,Microsoft-Windows-DistributedCOM
19039,3,2026-04-22 04:27:04.480440+00:00,10016,Microsoft-Windows-DistributedCOM
19040,3,2026-04-22 04:27:13.712051+00:00,10016,Microsoft-Windows-DistributedCOM
19073,3,2026-04-22 14:58:59.497807+00:00,34,BTHUSB
19089,3,2026-04-22 14:59:48.010149+00:00,10016,Microsoft-Windows-DistributedCOM
19095,3,2026-04-22 15:09:59.514856+00:00,10016,Microsoft-Windows-DistributedCOM
19099,3,2026-04-22 17:14:31.223017+00:00,10016,Microsoft-Windows-DistributedCOM
19101,3,2026-04-22 17:39:03.228821+00:00,4266,Tcpip
19102,3,2026-04-22 17:42:06.322475+00:00,10016,Microsoft-Windows-DistributedCOM
19103,3,2026-04-22 17:42:06.348475+00:00,10016,Microsoft-Windows-DistributedCOM
19104,3,2026-04-22 17:42:06.403528+00:00,10016,Microsoft-Windows-DistributedCOM
19105,3,2026-04-22 17:42:07.852222+00:00,10016,Microsoft-Windows-DistributedCOM
19106,3,2026-04-22 17:42:07.878223+00:00,10016,Microsoft-Windows-DistributedCOM
19107,3,2026-04-22 17:42:07.921225+00:00,10016,Microsoft-Windows-DistributedCOM
19135,3,2026-04-23 00:22:24.506750+00:00,34,BTHUSB
19145,3,2026-04-23 00:23:01.350254+00:00,10016,Microsoft-Windows-DistributedCOM
19155,3,2026-04-23 00:37:34.480618+00:00,10016,Microsoft-Windows-DistributedCOM
19159,2,2026-04-23 00:37:44.944628+00:00,20,Microsoft-Windows-WindowsUpdateClient
19161,2,2026-04-23 00:37:47.421360+00:00,20,Microsoft-Windows-WindowsUpdateClient
19168,3,2026-04-23 03:27:10.478968+00:00,10016,Microsoft-Windows-DistributedCOM
19174,3,2026-04-23 08:44:52.263830+00:00,10016,Microsoft-Windows-DistributedCOM
19185,3,2026-04-23 12:35:16.054741+00:00,10016,Microsoft-Windows-DistributedCOM
19212,3,2026-04-23 22:08:30.320461+00:00,10016,Microsoft-Windows-DistributedCOM
19225,3,2026-04-23 23:27:49.184753+00:00,4266,Tcpip
19238,3,2026-04-24 01:05:48.993538+00:00,10016,Microsoft-Windows-DistributedCOM
19243,2,2026-04-24 01:05:53.834297+00:00,20,Microsoft-Windows-WindowsUpdateClient
19253,2,2026-04-24 01:07:48.489212+00:00,20,Microsoft-Windows-WindowsUpdateClient
19255,3,2026-04-24 02:10:26.787346+00:00,10016,Microsoft-Windows-DistributedCOM
19256,3,2026-04-24 03:42:48.339689+00:00,10016,Microsoft-Windows-DistributedCOM
19295,3,2026-04-25 14:30:31.912455+00:00,34,BTHUSB
19314,3,2026-04-25 14:30:34.373217+00:00,10016,Microsoft-Windows-DistributedCOM
19315,3,2026-04-25 14:30:34.376749+00:00,10016,Microsoft-Windows-DistributedCOM
19330,2,2026-04-25 14:30:41.281713+00:00,1040,Microsoft-Windows-TPM-WMI
19335,3,2026-04-25 14:31:02.418528+00:00,10016,Microsoft-Windows-DistributedCOM
19373,3,2026-04-25 14:31:43.300091+00:00,10016,Microsoft-Windows-DistributedCOM
19374,3,2026-04-25 14:31:49.395372+00:00,10016,Microsoft-Windows-DistributedCOM
19379,3,2026-04-25 14:36:37.325405+00:00,10016,Microsoft-Windows-DistributedCOM
19382,3,2026-04-25 14:36:46.100695+00:00,10016,Microsoft-Windows-DistributedCOM
19383,3,2026-04-25 14:36:46.287342+00:00,10016,Microsoft-Windows-DistributedCOM
19384,3,2026-04-25 14:36:48.867785+00:00,10016,Microsoft-Windows-DistributedCOM
19385,3,2026-04-25 14:36:49.122961+00:00,10016,Microsoft-Windows-DistributedCOM
19391,3,2026-04-25 16:52:53.081696+00:00,10016,Microsoft-Windows-DistributedCOM
19392,3,2026-04-25 16:52:53.093204+00:00,10016,Microsoft-Windows-DistributedCOM
19393,3,2026-04-25 16:52:55.351360+00:00,10016,Microsoft-Windows-DistributedCOM
19394,3,2026-04-25 16:52:55.415888+00:00,10016,Microsoft-Windows-DistributedCOM
19397,3,2026-04-25 16:56:57.039049+00:00,10016,Microsoft-Windows-DistributedCOM
19401,2,2026-04-25 16:58:11.851936+00:00,20,Microsoft-Windows-WindowsUpdateClient
19419,3,2026-04-25 20:25:20.523983+00:00,34,BTHUSB
19432,3,2026-04-25 20:26:39.607004+00:00,10016,Microsoft-Windows-DistributedCOM
19438,3,2026-04-25 23:02:50.927217+00:00,4266,Tcpip
19440,3,2026-04-26 00:12:54.561773+00:00,10016,Microsoft-Windows-DistributedCOM
19453,3,2026-04-26 03:42:25.244297+00:00,10016,Microsoft-Windows-DistributedCOM
19467,3,2026-04-26 08:49:16.444420+00:00,10016,Microsoft-Windows-DistributedCOM
19490,3,2026-04-26 10:36:47.525127+00:00,10016,Microsoft-Windows-DistributedCOM
19502,3,2026-04-26 14:42:45.318001+00:00,10016,Microsoft-Windows-DistributedCOM
19506,2,2026-04-26 14:42:51.402863+00:00,20,Microsoft-Windows-WindowsUpdateClient
19514,3,2026-04-26 16:06:28.051912+00:00,10016,Microsoft-Windows-DistributedCOM
19515,3,2026-04-26 16:06:28.089911+00:00,10016,Microsoft-Windows-DistributedCOM
19516,3,2026-04-26 16:06:30.380280+00:00,10016,Microsoft-Windows-DistributedCOM
19517,3,2026-04-26 16:06:30.414278+00:00,10016,Microsoft-Windows-DistributedCOM
19518,3,2026-04-26 16:31:10.377291+00:00,10016,Microsoft-Windows-DistributedCOM
19540,3,2026-04-26 21:07:51.447796+00:00,10016,Microsoft-Windows-DistributedCOM
19552,3,2026-04-27 00:03:11.447550+00:00,10016,Microsoft-Windows-DistributedCOM
19556,3,2026-04-27 00:46:16.483856+00:00,4266,Tcpip
19557,3,2026-04-27 05:18:28.055239+00:00,10016,Microsoft-Windows-DistributedCOM
19565,3,2026-04-27 08:49:16.885496+00:00,10016,Microsoft-Windows-DistributedCOM
19570,3,2026-04-27 15:18:46.060356+00:00,10016,Microsoft-Windows-DistributedCOM
19576,2,2026-04-27 15:19:01.139500+00:00,20,Microsoft-Windows-WindowsUpdateClient
19590,3,2026-04-27 16:06:28.517206+00:00,10016,Microsoft-Windows-DistributedCOM
19591,3,2026-04-27 16:06:28.545210+00:00,10016,Microsoft-Windows-DistributedCOM
19592,3,2026-04-27 16:06:30.680195+00:00,10016,Microsoft-Windows-DistributedCOM
19593,3,2026-04-27 16:06:31.114115+00:00,10016,Microsoft-Windows-DistributedCOM
19594,3,2026-04-27 17:22:24.198843+00:00,10016,Microsoft-Windows-DistributedCOM
19611,3,2026-04-27 21:09:16.705530+00:00,10016,Microsoft-Windows-DistributedCOM
19621,3,2026-04-28 00:03:06.048059+00:00,10016,Microsoft-Windows-DistributedCOM
19625,3,2026-04-28 05:52:23.850693+00:00,10016,Microsoft-Windows-DistributedCOM
19633,3,2026-04-28 08:49:17.941252+00:00,10016,Microsoft-Windows-DistributedCOM
19638,3,2026-04-28 10:06:08.963369+00:00,4266,Tcpip
19646,3,2026-04-28 16:06:29.294577+00:00,10016,Microsoft-Windows-DistributedCOM
19647,3,2026-04-28 16:06:29.324581+00:00,10016,Microsoft-Windows-DistributedCOM
19648,3,2026-04-28 16:06:31.728693+00:00,10016,Microsoft-Windows-DistributedCOM
19649,3,2026-04-28 16:06:32.805733+00:00,10016,Microsoft-Windows-DistributedCOM
19659,3,2026-04-28 18:52:28.116177+00:00,10016,Microsoft-Windows-DistributedCOM
19663,3,2026-04-28 19:21:53.507389+00:00,10016,Microsoft-Windows-DistributedCOM
19664,3,2026-04-28 19:21:53.532389+00:00,10016,Microsoft-Windows-DistributedCOM
19665,3,2026-04-28 19:21:53.670874+00:00,10016,Microsoft-Windows-DistributedCOM
19666,3,2026-04-28 19:21:55.427225+00:00,10016,Microsoft-Windows-DistributedCOM
19667,3,2026-04-28 19:21:55.453232+00:00,10016,Microsoft-Windows-DistributedCOM
19668,3,2026-04-28 19:21:55.507776+00:00,10016,Microsoft-Windows-DistributedCOM
19673,3,2026-04-28 21:52:21.505697+00:00,10016,Microsoft-Windows-DistributedCOM
19683,2,2026-04-28 21:52:44.475304+00:00,20,Microsoft-Windows-WindowsUpdateClient
19702,3,2026-04-29 00:03:01.029734+00:00,10016,Microsoft-Windows-DistributedCOM
19706,3,2026-04-29 00:36:09.962650+00:00,10016,Microsoft-Windows-DistributedCOM
19718,3,2026-04-29 07:52:50.737244+00:00,10016,Microsoft-Windows-DistributedCOM
19725,3,2026-04-29 08:49:16.829515+00:00,10016,Microsoft-Windows-DistributedCOM
19748,3,2026-04-29 16:05:31.619423+00:00,10016,Microsoft-Windows-DistributedCOM
19749,3,2026-04-29 16:05:31.635784+00:00,10016,Microsoft-Windows-DistributedCOM
19750,3,2026-04-29 16:05:34.064522+00:00,10016,Microsoft-Windows-DistributedCOM
19751,3,2026-04-29 16:05:34.941338+00:00,10016,Microsoft-Windows-DistributedCOM
19752,3,2026-04-29 16:08:52.246635+00:00,10016,Microsoft-Windows-DistributedCOM
19760,2,2026-04-29 16:09:01.064787+00:00,10005,Microsoft-Windows-DistributedCOM
19761,2,2026-04-29 16:09:01.070787+00:00,10005,Microsoft-Windows-DistributedCOM
19763,2,2026-04-29 16:09:01.185255+00:00,10005,Microsoft-Windows-DistributedCOM
19764,2,2026-04-29 16:09:01.190256+00:00,10005,Microsoft-Windows-DistributedCOM
19768,3,2026-04-29 16:11:08.859175+00:00,10016,Microsoft-Windows-DistributedCOM
19771,3,2026-04-29 16:28:26.522091+00:00,10016,Microsoft-Windows-DistributedCOM
19777,2,2026-04-29 16:28:32.951056+00:00,20,Microsoft-Windows-WindowsUpdateClient
19791,3,2026-04-29 18:21:08.129032+00:00,10016,Microsoft-Windows-DistributedCOM
19792,3,2026-04-29 18:21:08.161034+00:00,10016,Microsoft-Windows-DistributedCOM
19793,3,2026-04-29 18:21:08.211248+00:00,10016,Microsoft-Windows-DistributedCOM
19794,3,2026-04-29 18:21:09.957960+00:00,10016,Microsoft-Windows-DistributedCOM
19795,3,2026-04-29 18:21:09.986069+00:00,10016,Microsoft-Windows-DistributedCOM
19796,3,2026-04-29 18:21:10.028011+00:00,10016,Microsoft-Windows-DistributedCOM
19810,3,2026-04-29 23:15:30.380611+00:00,10016,Microsoft-Windows-DistributedCOM
19821,3,2026-04-30 07:10:36.295040+00:00,4266,Tcpip
19826,3,2026-04-30 08:44:54.899620+00:00,10016,Microsoft-Windows-DistributedCOM
19832,3,2026-04-30 11:38:53.643724+00:00,10016,Microsoft-Windows-DistributedCOM
19853,3,2026-04-30 18:13:03.467525+00:00,10016,Microsoft-Windows-DistributedCOM
19854,3,2026-04-30 18:13:03.484585+00:00,10016,Microsoft-Windows-DistributedCOM
19855,3,2026-04-30 18:13:05.669882+00:00,10016,Microsoft-Windows-DistributedCOM
19856,3,2026-04-30 18:13:06.013416+00:00,10016,Microsoft-Windows-DistributedCOM
19858,3,2026-04-30 18:17:04.873850+00:00,10016,Microsoft-Windows-DistributedCOM
19862,2,2026-04-30 18:17:19.579473+00:00,20,Microsoft-Windows-WindowsUpdateClient
19873,3,2026-05-01 00:03:14.109968+00:00,10016,Microsoft-Windows-DistributedCOM
19880,3,2026-05-01 02:08:12.224586+00:00,10016,Microsoft-Windows-DistributedCOM
19891,3,2026-05-01 08:49:16.535101+00:00,10016,Microsoft-Windows-DistributedCOM
19901,3,2026-05-01 13:06:01.187590+00:00,10016,Microsoft-Windows-DistributedCOM
19909,3,2026-05-01 14:50:17.084291+00:00,10016,Microsoft-Windows-DistributedCOM
19916,3,2026-05-01 16:24:00.345917+00:00,10016,Microsoft-Windows-DistributedCOM
19917,3,2026-05-01 16:24:00.364918+00:00,10016,Microsoft-Windows-DistributedCOM
19918,3,2026-05-01 16:24:02.747177+00:00,10016,Microsoft-Windows-DistributedCOM
19919,3,2026-05-01 16:24:03.621695+00:00,10016,Microsoft-Windows-DistributedCOM
19922,3,2026-05-01 16:53:00.018791+00:00,2,HidBth
19957,3,2026-05-01 19:27:05.438787+00:00,2,HidBth
19960,2,2026-05-01 19:29:15.161976+00:00,10010,Microsoft-Windows-DistributedCOM
19961,3,2026-05-01 20:37:57.584913+00:00,2,HidBth
19962,3,2026-05-01 20:38:23.061049+00:00,2,HidBth
19966,3,2026-05-01 21:18:22.612795+00:00,10016,Microsoft-Windows-DistributedCOM
19970,2,2026-05-01 21:18:27.622427+00:00,20,Microsoft-Windows-WindowsUpdateClient
19982,3,2026-05-01 22:31:25.424603+00:00,4266,Tcpip
19989,3,2026-05-01 23:14:23.667126+00:00,10016,Microsoft-Windows-DistributedCOM
19992,3,2026-05-02 00:03:07.497074+00:00,10016,Microsoft-Windows-DistributedCOM
19996,3,2026-05-02 01:10:02.405365+00:00,10016,Microsoft-Windows-DistributedCOM
20009,3,2026-05-02 08:49:16.656565+00:00,10016,Microsoft-Windows-DistributedCOM
20022,3,2026-05-02 09:14:36.594547+00:00,10016,Microsoft-Windows-DistributedCOM
20031,3,2026-05-02 15:46:57.306608+00:00,10016,Microsoft-Windows-DistributedCOM
20036,3,2026-05-02 16:06:28.966663+00:00,10016,Microsoft-Windows-DistributedCOM
20037,3,2026-05-02 16:06:28.994661+00:00,10016,Microsoft-Windows-DistributedCOM
20038,3,2026-05-02 16:06:31.348915+00:00,10016,Microsoft-Windows-DistributedCOM
20039,3,2026-05-02 16:06:32.100859+00:00,10016,Microsoft-Windows-DistributedCOM
20040,3,2026-05-02 16:51:25.975241+00:00,10016,Microsoft-Windows-DistributedCOM
20045,2,2026-05-02 16:51:32.481722+00:00,20,Microsoft-Windows-WindowsUpdateClient
20081,3,2026-05-03 00:03:10.760618+00:00,10016,Microsoft-Windows-DistributedCOM
20088,2,2026-05-03 03:19:58.782679+00:00,16,BTHUSB
20089,2,2026-05-03 03:19:58.785307+00:00,3505,Microsoft-Windows-DeviceAssociationService
20105,3,2026-05-03 03:29:00.887760+00:00,34,BTHUSB
20144,2,2026-05-03 03:34:43.989586+00:00,10010,Microsoft-Windows-DistributedCOM
20145,2,2026-05-03 03:34:44.013401+00:00,10010,Microsoft-Windows-DistributedCOM
20146,2,2026-05-03 03:34:44.020992+00:00,10010,Microsoft-Windows-DistributedCOM
20147,2,2026-05-03 03:34:44.043530+00:00,10010,Microsoft-Windows-DistributedCOM
20148,2,2026-05-03 03:34:44.057281+00:00,10010,Microsoft-Windows-DistributedCOM
20149,2,2026-05-03 03:34:44.072504+00:00,10010,Microsoft-Windows-DistributedCOM
20150,2,2026-05-03 03:34:44.084354+00:00,10010,Microsoft-Windows-DistributedCOM
20151,2,2026-05-03 03:34:44.084354+00:00,10010,Microsoft-Windows-DistributedCOM
20152,2,2026-05-03 03:34:44.112652+00:00,10010,Microsoft-Windows-DistributedCOM
20153,2,2026-05-03 03:34:44.126511+00:00,10010,Microsoft-Windows-DistributedCOM
20154,2,2026-05-03 03:34:44.140285+00:00,10010,Microsoft-Windows-DistributedCOM
20155,2,2026-05-03 03:34:44.153660+00:00,10010,Microsoft-Windows-DistributedCOM
20156,2,2026-05-03 03:34:44.163879+00:00,10010,Microsoft-Windows-DistributedCOM
20157,2,2026-05-03 03:34:44.179871+00:00,10010,Microsoft-Windows-DistributedCOM
20158,2,2026-05-03 03:34:44.211418+00:00,10010,Microsoft-Windows-DistributedCOM
20159,2,2026-05-03 03:34:44.233669+00:00,10010,Microsoft-Windows-DistributedCOM
20160,2,2026-05-03 03:34:44.243340+00:00,10010,Microsoft-Windows-DistributedCOM
20161,2,2026-05-03 03:34:44.258987+00:00,10010,Microsoft-Windows-DistributedCOM
20162,2,2026-05-03 03:34:44.274944+00:00,10010,Microsoft-Windows-DistributedCOM
20163,2,2026-05-03 03:34:44.290583+00:00,10010,Microsoft-Windows-DistributedCOM
20164,2,2026-05-03 03:34:44.304987+00:00,10010,Microsoft-Windows-DistributedCOM
20165,2,2026-05-03 03:34:44.319122+00:00,10010,Microsoft-Windows-DistributedCOM
20166,2,2026-05-03 03:34:44.332882+00:00,10010,Microsoft-Windows-DistributedCOM
20167,2,2026-05-03 03:34:44.346964+00:00,10010,Microsoft-Windows-DistributedCOM
20168,2,2026-05-03 03:34:44.354458+00:00,10010,Microsoft-Windows-DistributedCOM
20169,2,2026-05-03 03:34:44.375858+00:00,10010,Microsoft-Windows-DistributedCOM
20170,2,2026-05-03 03:34:44.401672+00:00,10010,Microsoft-Windows-DistributedCOM
20171,2,2026-05-03 03:34:44.417591+00:00,10010,Microsoft-Windows-DistributedCOM
20172,2,2026-05-03 03:34:44.433239+00:00,10010,Microsoft-Windows-DistributedCOM
20173,2,2026-05-03 03:34:44.453260+00:00,10010,Microsoft-Windows-DistributedCOM
20174,2,2026-05-03 03:34:44.464689+00:00,10010,Microsoft-Windows-DistributedCOM
20175,2,2026-05-03 03:34:44.480341+00:00,10010,Microsoft-Windows-DistributedCOM
20176,2,2026-05-03 03:34:44.480341+00:00,10010,Microsoft-Windows-DistributedCOM
20177,2,2026-05-03 03:34:44.511717+00:00,10010,Microsoft-Windows-DistributedCOM
20178,2,2026-05-03 03:34:44.527348+00:00,10010,Microsoft-Windows-DistributedCOM
20277,3,2026-05-03 03:35:20.744886+00:00,34,BTHUSB
20327,3,2026-05-03 03:35:26.187820+00:00,10016,Microsoft-Windows-DistributedCOM
20335,2,2026-05-03 03:35:28.437105+00:00,1040,Microsoft-Windows-TPM-WMI
20345,3,2026-05-03 03:35:30.779371+00:00,10016,Microsoft-Windows-DistributedCOM
20346,3,2026-05-03 03:35:30.792349+00:00,10016,Microsoft-Windows-DistributedCOM
20384,2,2026-05-03 03:35:47.073141+00:00,4,HidBth
20389,3,2026-05-03 03:35:59.568653+00:00,10016,Microsoft-Windows-DistributedCOM
20391,2,2026-05-03 03:36:30.876833+00:00,7009,Service Control Manager
20392,2,2026-05-03 03:36:30.876833+00:00,7000,Service Control Manager
20424,3,2026-05-03 03:36:40.420580+00:00,10016,Microsoft-Windows-DistributedCOM
20430,3,2026-05-03 03:37:31.346050+00:00,10016,Microsoft-Windows-DistributedCOM
20431,3,2026-05-03 03:37:31.347050+00:00,10016,Microsoft-Windows-DistributedCOM
20432,3,2026-05-03 03:37:31.347050+00:00,10016,Microsoft-Windows-DistributedCOM
20439,3,2026-05-03 03:37:58.073603+00:00,10016,Microsoft-Windows-DistributedCOM
20444,3,2026-05-03 03:44:30.982903+00:00,10016,Microsoft-Windows-DistributedCOM
20445,3,2026-05-03 03:45:39.000010+00:00,10016,Microsoft-Windows-DistributedCOM
20450,3,2026-05-03 03:47:33.863947+00:00,10016,Microsoft-Windows-DistributedCOM
20452,3,2026-05-03 03:47:39.559736+00:00,10016,Microsoft-Windows-DistributedCOM
20453,3,2026-05-03 03:47:39.586634+00:00,10016,Microsoft-Windows-DistributedCOM
20454,3,2026-05-03 03:47:42.052666+00:00,10016,Microsoft-Windows-DistributedCOM
20456,3,2026-05-03 04:00:04.243195+00:00,10016,Microsoft-Windows-DistributedCOM
20457,3,2026-05-03 04:21:25.586834+00:00,10016,Microsoft-Windows-DistributedCOM
20469,3,2026-05-03 15:38:36.538927+00:00,34,BTHUSB
20484,3,2026-05-03 15:38:40.073709+00:00,1014,Microsoft-Windows-DNS-Client
20487,3,2026-05-03 15:41:26.909782+00:00,10016,Microsoft-Windows-DistributedCOM
20574,3,2026-05-03 15:43:17.748714+00:00,34,BTHUSB
20624,3,2026-05-03 15:43:24.931627+00:00,10016,Microsoft-Windows-DistributedCOM
20628,2,2026-05-03 15:43:27.715725+00:00,1040,Microsoft-Windows-TPM-WMI
20633,3,2026-05-03 15:43:28.572573+00:00,10016,Microsoft-Windows-DistributedCOM
20634,3,2026-05-03 15:43:28.574579+00:00,10016,Microsoft-Windows-DistributedCOM
20681,3,2026-05-03 15:44:13.562263+00:00,10016,Microsoft-Windows-DistributedCOM
20683,3,2026-05-03 15:44:44.839636+00:00,10016,Microsoft-Windows-DistributedCOM
20685,3,2026-05-03 15:45:29.215284+00:00,10016,Microsoft-Windows-DistributedCOM
20686,3,2026-05-03 15:45:29.216286+00:00,10016,Microsoft-Windows-DistributedCOM
20687,3,2026-05-03 15:45:29.216286+00:00,10016,Microsoft-Windows-DistributedCOM
20690,3,2026-05-03 15:51:05.227432+00:00,1014,Microsoft-Windows-DNS-Client
20716,3,2026-05-03 15:53:38.876804+00:00,10016,Microsoft-Windows-DistributedCOM
20721,3,2026-05-03 15:55:30.644222+00:00,10016,Microsoft-Windows-DistributedCOM
20722,3,2026-05-03 15:55:36.137209+00:00,10016,Microsoft-Windows-DistributedCOM
20723,3,2026-05-03 15:55:36.172205+00:00,10016,Microsoft-Windows-DistributedCOM
20724,3,2026-05-03 15:55:38.630732+00:00,10016,Microsoft-Windows-DistributedCOM
20734,3,2026-05-03 16:01:26.179064+00:00,10016,Microsoft-Windows-DistributedCOM
20735,3,2026-05-03 16:02:48.544476+00:00,10016,Microsoft-Windows-DistributedCOM
20736,3,2026-05-03 16:05:37.291883+00:00,10016,Microsoft-Windows-DistributedCOM
20737,3,2026-05-03 16:06:28.148758+00:00,10016,Microsoft-Windows-DistributedCOM
20738,3,2026-05-03 16:06:28.184448+00:00,10016,Microsoft-Windows-DistributedCOM
20739,3,2026-05-03 16:06:30.208780+00:00,10016,Microsoft-Windows-DistributedCOM
20740,3,2026-05-03 16:06:30.260950+00:00,10016,Microsoft-Windows-DistributedCOM
20741,2,2026-05-03 16:08:16.678507+00:00,3505,Microsoft-Windows-DeviceAssociationService
20745,3,2026-05-03 16:30:14.813848+00:00,10016,Microsoft-Windows-DistributedCOM
20746,3,2026-05-03 16:30:14.850491+00:00,10016,Microsoft-Windows-DistributedCOM
20747,3,2026-05-03 16:30:14.920414+00:00,10016,Microsoft-Windows-DistributedCOM
20748,3,2026-05-03 16:30:17.165709+00:00,10016,Microsoft-Windows-DistributedCOM
20749,3,2026-05-03 16:30:17.199570+00:00,10016,Microsoft-Windows-DistributedCOM
20750,3,2026-05-03 16:30:17.293226+00:00,10016,Microsoft-Windows-DistributedCOM
20782,3,2026-05-03 17:55:12.067678+00:00,2,HidBth
20783,3,2026-05-03 18:01:35.578413+00:00,10016,Microsoft-Windows-DistributedCOM
20805,3,2026-05-04 04:42:19.525425+00:00,10016,Microsoft-Windows-DistributedCOM
20809,3,2026-05-04 05:41:32.981245+00:00,2,HidBth
20813,3,2026-05-04 05:48:19.649927+00:00,2,HidBth
20824,3,2026-05-04 15:04:09.537415+00:00,34,BTHUSB
20839,3,2026-05-04 17:07:49.793562+00:00,10016,Microsoft-Windows-DistributedCOM
20843,3,2026-05-04 17:08:16.826080+00:00,2,HidBth
20844,3,2026-05-04 19:14:43.894825+00:00,4266,Tcpip
20855,3,2026-05-04 23:30:24.544678+00:00,34,BTHUSB
20925,3,2026-05-05 01:10:33.863655+00:00,10016,Microsoft-Windows-DistributedCOM
20928,3,2026-05-05 03:57:09.839760+00:00,10016,Microsoft-Windows-DistributedCOM
20929,3,2026-05-05 03:57:09.860760+00:00,10016,Microsoft-Windows-DistributedCOM
20930,3,2026-05-05 03:57:12.286741+00:00,10016,Microsoft-Windows-DistributedCOM
20931,3,2026-05-05 03:57:12.430983+00:00,10016,Microsoft-Windows-DistributedCOM
20933,3,2026-05-05 04:02:06.778053+00:00,10016,Microsoft-Windows-DistributedCOM
20946,2,2026-05-05 04:02:54.484356+00:00,20,Microsoft-Windows-WindowsUpdateClient
20958,2,2026-05-05 04:10:32.888676+00:00,20,Microsoft-Windows-WindowsUpdateClient
20975,3,2026-05-05 04:57:36.441433+00:00,10016,Microsoft-Windows-DistributedCOM
20993,3,2026-05-05 13:39:56.536785+00:00,34,BTHUSB
21008,3,2026-05-05 13:40:13.483585+00:00,10016,Microsoft-Windows-DistributedCOM
21024,3,2026-05-05 13:56:58.954147+00:00,10016,Microsoft-Windows-DistributedCOM
21071,3,2026-05-05 15:20:52.854256+00:00,10016,Microsoft-Windows-DistributedCOM
21072,3,2026-05-05 15:20:52.880257+00:00,10016,Microsoft-Windows-DistributedCOM
21073,3,2026-05-05 15:20:52.936855+00:00,10016,Microsoft-Windows-DistributedCOM
21074,3,2026-05-05 15:20:54.853779+00:00,10016,Microsoft-Windows-DistributedCOM
21075,3,2026-05-05 15:20:54.878778+00:00,10016,Microsoft-Windows-DistributedCOM
21076,3,2026-05-05 15:20:54.920782+00:00,10016,Microsoft-Windows-DistributedCOM
21081,3,2026-05-05 16:06:29.095312+00:00,10016,Microsoft-Windows-DistributedCOM
21082,3,2026-05-05 16:06:29.137827+00:00,10016,Microsoft-Windows-DistributedCOM
21083,3,2026-05-05 16:06:31.575712+00:00,10016,Microsoft-Windows-DistributedCOM
21084,3,2026-05-05 16:06:32.616404+00:00,10016,Microsoft-Windows-DistributedCOM
21087,3,2026-05-05 17:52:05.785679+00:00,10016,Microsoft-Windows-DistributedCOM
21088,3,2026-05-05 17:52:05.810766+00:00,10016,Microsoft-Windows-DistributedCOM
21089,3,2026-05-05 17:52:05.855232+00:00,10016,Microsoft-Windows-DistributedCOM
21090,3,2026-05-05 17:52:07.417479+00:00,10016,Microsoft-Windows-DistributedCOM
21091,3,2026-05-05 17:52:07.442015+00:00,10016,Microsoft-Windows-DistributedCOM
21092,3,2026-05-05 17:52:07.484571+00:00,10016,Microsoft-Windows-DistributedCOM
21180,3,2026-05-06 04:25:16.391811+00:00,10016,Microsoft-Windows-DistributedCOM
21199,3,2026-05-06 15:06:26.539034+00:00,34,BTHUSB
21222,3,2026-05-06 15:11:02.226742+00:00,2,HidBth
21224,2,2026-05-06 15:11:36.477049+00:00,3505,Microsoft-Windows-DeviceAssociationService
21225,2,2026-05-06 15:11:36.477594+00:00,16,BTHUSB
21230,3,2026-05-06 15:13:04.023813+00:00,3,BTHUSB
21233,3,2026-05-06 15:17:52.787916+00:00,2,HidBth
21261,3,2026-05-06 15:19:29.803579+00:00,100,winsrvext
21350,3,2026-05-06 15:19:57.467525+00:00,34,BTHUSB
21395,3,2026-05-06 15:20:01.597712+00:00,10016,Microsoft-Windows-DistributedCOM
21403,2,2026-05-06 15:20:03.641554+00:00,1040,Microsoft-Windows-TPM-WMI
21409,3,2026-05-06 15:20:05.848808+00:00,10016,Microsoft-Windows-DistributedCOM
21410,3,2026-05-06 15:20:05.851379+00:00,10016,Microsoft-Windows-DistributedCOM
21434,3,2026-05-06 15:20:20.581900+00:00,10016,Microsoft-Windows-DistributedCOM
21470,2,2026-05-06 15:20:51.196072+00:00,7009,Service Control Manager
21471,2,2026-05-06 15:20:51.196072+00:00,7000,Service Control Manager
21472,3,2026-05-06 15:20:51.284378+00:00,10016,Microsoft-Windows-DistributedCOM
21475,2,2026-05-06 15:21:35.679827+00:00,3505,Microsoft-Windows-DeviceAssociationService
21476,2,2026-05-06 15:21:35.680384+00:00,16,BTHUSB
21479,3,2026-05-06 15:22:06.464033+00:00,10016,Microsoft-Windows-DistributedCOM
21480,3,2026-05-06 15:22:06.465034+00:00,10016,Microsoft-Windows-DistributedCOM
21481,3,2026-05-06 15:22:06.465034+00:00,10016,Microsoft-Windows-DistributedCOM
21482,3,2026-05-06 15:22:13.578543+00:00,10016,Microsoft-Windows-DistributedCOM
21483,3,2026-05-06 15:22:46.143003+00:00,3,BTHUSB
21485,3,2026-05-06 15:30:13.481823+00:00,10016,Microsoft-Windows-DistributedCOM
21489,3,2026-05-06 15:32:07.618769+00:00,10016,Microsoft-Windows-DistributedCOM
21490,3,2026-05-06 15:32:14.537588+00:00,10016,Microsoft-Windows-DistributedCOM
21491,3,2026-05-06 15:32:14.574017+00:00,10016,Microsoft-Windows-DistributedCOM
21492,3,2026-05-06 15:32:16.758970+00:00,10016,Microsoft-Windows-DistributedCOM
21493,3,2026-05-06 15:32:18.849344+00:00,10016,Microsoft-Windows-DistributedCOM
21495,3,2026-05-06 16:41:57.659517+00:00,2,HidBth
21497,3,2026-05-06 16:46:23.731701+00:00,10016,Microsoft-Windows-DistributedCOM
21501,3,2026-05-06 16:50:34.515142+00:00,10016,Microsoft-Windows-DistributedCOM
21502,3,2026-05-06 16:50:34.528141+00:00,10016,Microsoft-Windows-DistributedCOM
21503,3,2026-05-06 16:50:36.842745+00:00,10016,Microsoft-Windows-DistributedCOM
21504,3,2026-05-06 16:50:36.882748+00:00,10016,Microsoft-Windows-DistributedCOM
21523,3,2026-05-07 01:46:04.176777+00:00,10016,Microsoft-Windows-DistributedCOM
21537,2,2026-05-07 01:47:06.817072+00:00,20,Microsoft-Windows-WindowsUpdateClient
21540,2,2026-05-07 01:48:28.165691+00:00,20,Microsoft-Windows-WindowsUpdateClient
21549,3,2026-05-07 04:54:40.698999+00:00,10016,Microsoft-Windows-DistributedCOM
21555,3,2026-05-07 05:23:15.378681+00:00,4266,Tcpip
21558,3,2026-05-07 07:20:03.375517+00:00,10016,Microsoft-Windows-DistributedCOM
21563,3,2026-05-07 08:35:04.539852+00:00,10016,Microsoft-Windows-DistributedCOM
21571,3,2026-05-07 15:30:31.409475+00:00,10016,Microsoft-Windows-DistributedCOM
21579,3,2026-05-07 16:08:36.858826+00:00,2,HidBth
21643,3,2026-05-07 16:43:40.770798+00:00,2,HidBth
21646,3,2026-05-07 16:58:59.604254+00:00,2,HidBth
21649,3,2026-05-07 17:20:27.881952+00:00,10016,Microsoft-Windows-DistributedCOM
21655,3,2026-05-07 17:49:38.623575+00:00,2,HidBth
21656,3,2026-05-07 18:02:43.691584+00:00,2,HidBth
21657,3,2026-05-07 18:23:38.414183+00:00,2,HidBth
21660,3,2026-05-07 18:42:59.568790+00:00,2,HidBth
21663,3,2026-05-07 19:33:10.127485+00:00,2,HidBth
21666,3,2026-05-07 20:08:52.006268+00:00,10016,Microsoft-Windows-DistributedCOM
21667,3,2026-05-07 20:08:52.043594+00:00,10016,Microsoft-Windows-DistributedCOM
21668,3,2026-05-07 20:08:52.123531+00:00,10016,Microsoft-Windows-DistributedCOM
21669,3,2026-05-07 20:08:54.786251+00:00,10016,Microsoft-Windows-DistributedCOM
21670,3,2026-05-07 20:08:54.820034+00:00,10016,Microsoft-Windows-DistributedCOM
21671,3,2026-05-07 20:08:54.875488+00:00,10016,Microsoft-Windows-DistributedCOM
21672,3,2026-05-07 20:09:21.973091+00:00,10016,Microsoft-Windows-DistributedCOM
21673,3,2026-05-07 20:09:21.997442+00:00,10016,Microsoft-Windows-DistributedCOM
21674,3,2026-05-07 20:09:23.575626+00:00,10016,Microsoft-Windows-DistributedCOM
21675,3,2026-05-07 20:09:24.118841+00:00,10016,Microsoft-Windows-DistributedCOM
21676,3,2026-05-07 20:09:24.238508+00:00,10016,Microsoft-Windows-DistributedCOM
21678,3,2026-05-07 20:12:31.346754+00:00,2,HidBth
21711,3,2026-05-08 13:22:51.529081+00:00,34,BTHUSB
21743,3,2026-05-08 13:22:55.382872+00:00,1014,Microsoft-Windows-DNS-Client
21745,3,2026-05-08 13:23:00.955564+00:00,10016,Microsoft-Windows-DistributedCOM
21781,2,2026-05-08 13:23:28.576555+00:00,20,Microsoft-Windows-WindowsUpdateClient
21799,2,2026-05-08 13:28:07.911348+00:00,20,Microsoft-Windows-WindowsUpdateClient
21802,3,2026-05-08 13:34:02.501696+00:00,10016,Microsoft-Windows-DistributedCOM
21815,3,2026-05-08 16:06:28.142900+00:00,10016,Microsoft-Windows-DistributedCOM
21816,3,2026-05-08 16:06:28.154900+00:00,10016,Microsoft-Windows-DistributedCOM
21817,3,2026-05-08 16:06:30.686762+00:00,10016,Microsoft-Windows-DistributedCOM
21818,3,2026-05-08 16:06:31.377546+00:00,10016,Microsoft-Windows-DistributedCOM
21836,3,2026-05-08 23:29:39.414827+00:00,10016,Microsoft-Windows-DistributedCOM
21845,3,2026-05-09 00:35:48.096312+00:00,10016,Microsoft-Windows-DistributedCOM
21906,3,2026-05-09 04:23:59.378471+00:00,10016,Microsoft-Windows-DistributedCOM
21942,3,2026-05-09 20:12:38.909836+00:00,34,BTHUSB
21962,3,2026-05-09 20:12:41.711281+00:00,10016,Microsoft-Windows-DistributedCOM
21963,3,2026-05-09 20:12:41.713469+00:00,10016,Microsoft-Windows-DistributedCOM
21965,2,2026-05-09 20:12:48.276093+00:00,1040,Microsoft-Windows-TPM-WMI
21966,2,2026-05-09 20:13:02.121834+00:00,7009,Service Control Manager
21967,2,2026-05-09 20:13:02.121834+00:00,7000,Service Control Manager
21968,3,2026-05-09 20:13:14.470631+00:00,10016,Microsoft-Windows-DistributedCOM
22000,3,2026-05-09 20:13:33.356627+00:00,10016,Microsoft-Windows-DistributedCOM
22004,3,2026-05-09 20:24:43.002115+00:00,10016,Microsoft-Windows-DistributedCOM
22005,3,2026-05-09 20:24:49.181105+00:00,10016,Microsoft-Windows-DistributedCOM
22006,3,2026-05-09 20:24:49.238829+00:00,10016,Microsoft-Windows-DistributedCOM
22007,3,2026-05-09 20:24:51.171125+00:00,10016,Microsoft-Windows-DistributedCOM
22008,3,2026-05-09 20:28:20.084316+00:00,10016,Microsoft-Windows-DistributedCOM
22012,3,2026-05-10 02:40:26.349567+00:00,4266,Tcpip
22016,3,2026-05-10 05:09:48.601431+00:00,10016,Microsoft-Windows-DistributedCOM
22019,3,2026-05-10 05:15:07.544924+00:00,10016,Microsoft-Windows-DistributedCOM
22024,2,2026-05-10 05:16:14.095503+00:00,20,Microsoft-Windows-WindowsUpdateClient
22037,3,2026-05-10 18:47:52.540941+00:00,34,BTHUSB
22055,3,2026-05-10 18:48:02.347862+00:00,10016,Microsoft-Windows-DistributedCOM
22056,3,2026-05-10 18:48:02.394400+00:00,10016,Microsoft-Windows-DistributedCOM
22057,3,2026-05-10 18:48:04.513020+00:00,10016,Microsoft-Windows-DistributedCOM
22058,3,2026-05-10 18:48:05.475855+00:00,10016,Microsoft-Windows-DistributedCOM
22077,3,2026-05-10 19:58:28.948029+00:00,10016,Microsoft-Windows-DistributedCOM
22109,3,2026-05-11 05:37:35.572411+00:00,10016,Microsoft-Windows-DistributedCOM
22113,3,2026-05-11 07:00:16.409536+00:00,10016,Microsoft-Windows-DistributedCOM
22119,3,2026-05-11 07:22:20.925232+00:00,10016,Microsoft-Windows-DistributedCOM
22123,2,2026-05-11 07:22:26.821957+00:00,20,Microsoft-Windows-WindowsUpdateClient
22151,3,2026-05-11 17:08:28.399324+00:00,10016,Microsoft-Windows-DistributedCOM
22152,3,2026-05-11 17:08:28.427301+00:00,10016,Microsoft-Windows-DistributedCOM
22153,3,2026-05-11 17:08:31.160021+00:00,10016,Microsoft-Windows-DistributedCOM
22154,3,2026-05-11 17:08:33.085245+00:00,10016,Microsoft-Windows-DistributedCOM
22155,3,2026-05-11 17:08:33.936913+00:00,10016,Microsoft-Windows-DistributedCOM
22156,3,2026-05-11 17:08:33.963915+00:00,10016,Microsoft-Windows-DistributedCOM
22157,3,2026-05-11 17:08:34.018496+00:00,10016,Microsoft-Windows-DistributedCOM
22213,3,2026-05-11 18:49:25.608858+00:00,10016,Microsoft-Windows-DistributedCOM
22214,3,2026-05-11 18:49:25.634853+00:00,10016,Microsoft-Windows-DistributedCOM
22215,3,2026-05-11 18:49:25.710897+00:00,10016,Microsoft-Windows-DistributedCOM
22217,3,2026-05-11 18:57:00.804832+00:00,10016,Microsoft-Windows-DistributedCOM
22218,3,2026-05-11 19:08:39.322630+00:00,10016,Microsoft-Windows-DistributedCOM
22235,3,2026-05-12 01:14:40.528122+00:00,10016,Microsoft-Windows-DistributedCOM
22238,3,2026-05-12 01:42:34.503695+00:00,4266,Tcpip
22240,3,2026-05-12 05:27:38.392706+00:00,10016,Microsoft-Windows-DistributedCOM
22249,3,2026-05-12 07:04:23.666670+00:00,10016,Microsoft-Windows-DistributedCOM
22255,2,2026-05-12 07:05:15.253405+00:00,20,Microsoft-Windows-WindowsUpdateClient
22260,2,2026-05-12 07:06:03.708130+00:00,20,Microsoft-Windows-WindowsUpdateClient
22261,2,2026-05-12 07:06:03.752594+00:00,20,Microsoft-Windows-WindowsUpdateClient
22268,2,2026-05-12 07:06:08.895056+00:00,10005,Microsoft-Windows-DistributedCOM
22269,2,2026-05-12 07:06:08.899055+00:00,10005,Microsoft-Windows-DistributedCOM
22271,2,2026-05-12 07:06:09.056639+00:00,10005,Microsoft-Windows-DistributedCOM
22272,2,2026-05-12 07:06:09.064636+00:00,10005,Microsoft-Windows-DistributedCOM
22335,3,2026-05-12 19:12:40.931301+00:00,10016,Microsoft-Windows-DistributedCOM
22354,3,2026-05-13 05:17:59.744490+00:00,10016,Microsoft-Windows-DistributedCOM
22355,3,2026-05-13 05:17:59.759489+00:00,10016,Microsoft-Windows-DistributedCOM
22356,3,2026-05-13 05:18:02.023201+00:00,10016,Microsoft-Windows-DistributedCOM
22357,3,2026-05-13 05:18:02.365728+00:00,10016,Microsoft-Windows-DistributedCOM
22369,3,2026-05-13 16:23:43.538219+00:00,34,BTHUSB
22415,3,2026-05-13 16:24:26.847923+00:00,10016,Microsoft-Windows-DistributedCOM
22437,3,2026-05-13 16:39:49.329702+00:00,10016,Microsoft-Windows-DistributedCOM
22449,3,2026-05-13 18:23:47.785534+00:00,10016,Microsoft-Windows-DistributedCOM
22456,2,2026-05-13 18:24:00.484846+00:00,20,Microsoft-Windows-WindowsUpdateClient
22466,2,2026-05-13 18:24:06.512047+00:00,20,Microsoft-Windows-WindowsUpdateClient
22478,3,2026-05-13 19:02:09.218290+00:00,4266,Tcpip
22553,3,2026-05-14 04:56:44.208681+00:00,10016,Microsoft-Windows-DistributedCOM
22568,3,2026-05-14 07:29:32.527554+00:00,34,BTHUSB
22575,3,2026-05-14 07:29:38.372768+00:00,10016,Microsoft-Windows-DistributedCOM
22670,3,2026-05-14 07:31:29.605793+00:00,34,BTHUSB
22732,2,2026-05-14 07:31:39.909300+00:00,1040,Microsoft-Windows-TPM-WMI
22879,3,2026-05-14 07:33:20.096094+00:00,34,BTHUSB
22911,2,2026-05-14 07:33:22.398867+00:00,1040,Microsoft-Windows-TPM-WMI
22931,2,2026-05-14 07:33:25.490141+00:00,7023,Service Control Manager
22987,3,2026-05-14 07:33:48.365973+00:00,34,BTHUSB
23043,2,2026-05-14 07:33:57.161085+00:00,1040,Microsoft-Windows-TPM-WMI
23055,3,2026-05-14 07:34:09.808666+00:00,10016,Microsoft-Windows-DistributedCOM
23062,3,2026-05-14 07:36:02.110456+00:00,10016,Microsoft-Windows-DistributedCOM
23066,3,2026-05-14 07:44:27.638210+00:00,10016,Microsoft-Windows-DistributedCOM
23085,3,2026-05-14 11:09:56.494539+00:00,4266,Tcpip
23089,3,2026-05-14 15:56:11.451628+00:00,10016,Microsoft-Windows-DistributedCOM
23090,3,2026-05-14 15:56:11.451628+00:00,10016,Microsoft-Windows-DistributedCOM
23138,3,2026-05-14 15:56:53.666872+00:00,10016,Microsoft-Windows-DistributedCOM
23146,3,2026-05-14 16:08:12.116640+00:00,10016,Microsoft-Windows-DistributedCOM
23148,3,2026-05-14 16:08:18.745022+00:00,10016,Microsoft-Windows-DistributedCOM
23149,3,2026-05-14 16:08:18.769024+00:00,10016,Microsoft-Windows-DistributedCOM
23150,3,2026-05-14 16:08:20.899269+00:00,10016,Microsoft-Windows-DistributedCOM
23162,3,2026-05-14 17:05:05.685152+00:00,10016,Microsoft-Windows-DistributedCOM
23163,3,2026-05-14 17:05:05.698156+00:00,10016,Microsoft-Windows-DistributedCOM
23164,3,2026-05-14 17:05:07.986883+00:00,10016,Microsoft-Windows-DistributedCOM
23165,3,2026-05-14 17:05:07.994881+00:00,10016,Microsoft-Windows-DistributedCOM
23168,3,2026-05-14 17:07:05.519737+00:00,10016,Microsoft-Windows-DistributedCOM
23170,3,2026-05-14 17:11:14.472740+00:00,10016,Microsoft-Windows-DistributedCOM
23196,3,2026-05-14 22:41:19.719692+00:00,10016,Microsoft-Windows-DistributedCOM
23198,3,2026-05-14 23:01:13.684271+00:00,10016,Microsoft-Windows-DistributedCOM
23199,3,2026-05-14 23:01:47.392220+00:00,10016,Microsoft-Windows-DistributedCOM
23288,3,2026-05-15 00:24:20.576534+00:00,34,BTHUSB
23337,3,2026-05-15 00:24:24.807945+00:00,10016,Microsoft-Windows-DistributedCOM
23342,2,2026-05-15 00:24:27.023121+00:00,1040,Microsoft-Windows-TPM-WMI
23346,3,2026-05-15 00:24:28.122005+00:00,10016,Microsoft-Windows-DistributedCOM
23347,3,2026-05-15 00:24:28.122005+00:00,10016,Microsoft-Windows-DistributedCOM
23363,3,2026-05-15 00:24:57.441771+00:00,10016,Microsoft-Windows-DistributedCOM
23395,3,2026-05-15 00:25:13.205484+00:00,10016,Microsoft-Windows-DistributedCOM
23398,3,2026-05-15 00:26:29.531755+00:00,10016,Microsoft-Windows-DistributedCOM
23399,3,2026-05-15 00:26:29.531755+00:00,10016,Microsoft-Windows-DistributedCOM
23400,3,2026-05-15 00:26:29.531755+00:00,10016,Microsoft-Windows-DistributedCOM
23404,3,2026-05-15 00:34:38.513300+00:00,10016,Microsoft-Windows-DistributedCOM
23408,3,2026-05-15 00:36:30.457279+00:00,10016,Microsoft-Windows-DistributedCOM
23409,3,2026-05-15 00:36:36.554554+00:00,10016,Microsoft-Windows-DistributedCOM
23410,3,2026-05-15 00:36:36.577105+00:00,10016,Microsoft-Windows-DistributedCOM
23411,3,2026-05-15 00:36:38.839870+00:00,10016,Microsoft-Windows-DistributedCOM
23423,3,2026-05-15 05:47:52.065395+00:00,10016,Microsoft-Windows-DistributedCOM
23431,3,2026-05-15 08:24:26.058779+00:00,10016,Microsoft-Windows-DistributedCOM
23441,3,2026-05-15 14:23:43.421192+00:00,10016,Microsoft-Windows-DistributedCOM
23454,3,2026-05-15 23:03:36.658424+00:00,10016,Microsoft-Windows-DistributedCOM
23460,3,2026-05-16 00:34:36.496399+00:00,10016,Microsoft-Windows-DistributedCOM
23476,3,2026-05-16 17:11:44.681826+00:00,10016,Microsoft-Windows-DistributedCOM
23487,3,2026-05-16 17:39:54.763870+00:00,10016,Microsoft-Windows-DistributedCOM
23496,2,2026-05-16 17:40:48.216007+00:00,20,Microsoft-Windows-WindowsUpdateClient
23503,3,2026-05-16 19:15:30.200571+00:00,4266,Tcpip
23509,3,2026-05-16 23:40:30.937742+00:00,10016,Microsoft-Windows-DistributedCOM
23513,2,2026-05-16 23:40:38.369495+00:00,20,Microsoft-Windows-WindowsUpdateClient
23517,3,2026-05-17 00:34:40.252802+00:00,10016,Microsoft-Windows-DistributedCOM
23525,3,2026-05-17 02:14:38.534250+00:00,10016,Microsoft-Windows-DistributedCOM
23538,3,2026-05-17 05:13:34.255468+00:00,10016,Microsoft-Windows-DistributedCOM
23546,3,2026-05-17 08:24:31.319761+00:00,10016,Microsoft-Windows-DistributedCOM
23562,3,2026-05-17 12:13:48.882280+00:00,10016,Microsoft-Windows-DistributedCOM
23576,3,2026-05-17 21:03:10.896578+00:00,10016,Microsoft-Windows-DistributedCOM
23581,3,2026-05-18 00:34:43.077494+00:00,10016,Microsoft-Windows-DistributedCOM
23585,3,2026-05-18 01:44:23.692465+00:00,4266,Tcpip
23590,3,2026-05-18 06:11:10.547457+00:00,10016,Microsoft-Windows-DistributedCOM
23593,2,2026-05-18 06:11:25.365368+00:00,20,Microsoft-Windows-WindowsUpdateClient
23596,3,2026-05-18 08:24:29.900639+00:00,10016,Microsoft-Windows-DistributedCOM
23603,3,2026-05-18 09:11:17.819139+00:00,10016,Microsoft-Windows-DistributedCOM
23620,3,2026-05-18 19:13:34.934855+00:00,10016,Microsoft-Windows-DistributedCOM
23621,3,2026-05-18 19:13:34.961857+00:00,10016,Microsoft-Windows-DistributedCOM
23622,3,2026-05-18 19:13:35.011023+00:00,10016,Microsoft-Windows-DistributedCOM
23623,3,2026-05-18 19:14:23.073845+00:00,10016,Microsoft-Windows-DistributedCOM
23624,3,2026-05-18 19:14:23.104853+00:00,10016,Microsoft-Windows-DistributedCOM
23625,3,2026-05-18 19:14:23.164883+00:00,10016,Microsoft-Windows-DistributedCOM
23626,3,2026-05-18 19:42:47.602657+00:00,10016,Microsoft-Windows-DistributedCOM
23681,3,2026-05-18 23:16:04.683025+00:00,10016,Microsoft-Windows-DistributedCOM
23688,3,2026-05-19 04:14:27.347328+00:00,10016,Microsoft-Windows-DistributedCOM
23703,3,2026-05-19 15:55:39.530155+00:00,34,BTHUSB
23717,3,2026-05-19 15:55:43.338352+00:00,1014,Microsoft-Windows-DNS-Client
23719,3,2026-05-19 15:55:49.141830+00:00,10016,Microsoft-Windows-DistributedCOM
23728,2,2026-05-19 15:56:21.136312+00:00,20,Microsoft-Windows-WindowsUpdateClient
23738,3,2026-05-19 17:51:30.964836+00:00,10016,Microsoft-Windows-DistributedCOM
23743,2,2026-05-19 17:51:58.737123+00:00,20,Microsoft-Windows-WindowsUpdateClient
23759,3,2026-05-19 19:05:24.809977+00:00,10016,Microsoft-Windows-DistributedCOM
23760,3,2026-05-19 19:05:24.835979+00:00,10016,Microsoft-Windows-DistributedCOM
23761,3,2026-05-19 19:05:24.881992+00:00,10016,Microsoft-Windows-DistributedCOM
23762,3,2026-05-19 19:05:26.445889+00:00,10016,Microsoft-Windows-DistributedCOM
23763,3,2026-05-19 19:05:26.471895+00:00,10016,Microsoft-Windows-DistributedCOM
23764,3,2026-05-19 19:05:26.515696+00:00,10016,Microsoft-Windows-DistributedCOM
23767,3,2026-05-19 19:16:54.508940+00:00,4266,Tcpip
23784,3,2026-05-20 04:36:32.050304+00:00,10016,Microsoft-Windows-DistributedCOM
23795,2,2026-05-20 04:39:10.536610+00:00,10005,Microsoft-Windows-DistributedCOM
23796,2,2026-05-20 04:39:10.542604+00:00,10005,Microsoft-Windows-DistributedCOM
23798,2,2026-05-20 04:39:10.684526+00:00,10005,Microsoft-Windows-DistributedCOM
23799,2,2026-05-20 04:39:10.689543+00:00,10005,Microsoft-Windows-DistributedCOM
23804,3,2026-05-20 10:47:49.019247+00:00,10016,Microsoft-Windows-DistributedCOM
23822,2,2026-05-20 16:35:25.316885+00:00,10010,Microsoft-Windows-DistributedCOM
23826,3,2026-05-20 16:47:02.009302+00:00,10016,Microsoft-Windows-DistributedCOM
23834,3,2026-05-20 17:20:18.907200+00:00,10016,Microsoft-Windows-DistributedCOM
23835,3,2026-05-20 17:20:18.932013+00:00,10016,Microsoft-Windows-DistributedCOM
23836,3,2026-05-20 17:20:18.982204+00:00,10016,Microsoft-Windows-DistributedCOM
23837,3,2026-05-20 17:20:29.468592+00:00,10016,Microsoft-Windows-DistributedCOM
23838,3,2026-05-20 17:20:29.497597+00:00,10016,Microsoft-Windows-DistributedCOM
23839,3,2026-05-20 17:20:29.551325+00:00,10016,Microsoft-Windows-DistributedCOM
23840,3,2026-05-20 17:20:52.721703+00:00,10016,Microsoft-Windows-DistributedCOM
23841,3,2026-05-20 17:20:52.748104+00:00,10016,Microsoft-Windows-DistributedCOM
23842,3,2026-05-20 17:20:52.793459+00:00,10016,Microsoft-Windows-DistributedCOM
23843,3,2026-05-20 17:20:54.210144+00:00,10016,Microsoft-Windows-DistributedCOM
23844,3,2026-05-20 17:20:54.236658+00:00,10016,Microsoft-Windows-DistributedCOM
23845,3,2026-05-20 17:20:54.279192+00:00,10016,Microsoft-Windows-DistributedCOM
23851,3,2026-05-20 20:40:54.509352+00:00,10016,Microsoft-Windows-DistributedCOM
23856,2,2026-05-20 20:41:01.312634+00:00,20,Microsoft-Windows-WindowsUpdateClient
23880,3,2026-05-20 21:40:53.065277+00:00,10016,Microsoft-Windows-DistributedCOM
23884,3,2026-05-20 22:52:55.273821+00:00,4003,Microsoft-Windows-WLAN-AutoConfig
23924,3,2026-05-21 14:55:51.491323+00:00,34,BTHUSB
23939,3,2026-05-21 14:56:17.131111+00:00,10016,Microsoft-Windows-DistributedCOM
23947,2,2026-05-21 16:02:08.135857+00:00,10010,Microsoft-Windows-DistributedCOM
23951,3,2026-05-21 16:07:09.093386+00:00,10016,Microsoft-Windows-DistributedCOM
23957,3,2026-05-21 17:06:35.554338+00:00,10016,Microsoft-Windows-DistributedCOM
23964,2,2026-05-21 17:06:54.007874+00:00,20,Microsoft-Windows-WindowsUpdateClient
23976,3,2026-05-21 17:24:52.312851+00:00,10016,Microsoft-Windows-DistributedCOM
23977,3,2026-05-21 17:24:52.339848+00:00,10016,Microsoft-Windows-DistributedCOM
23978,3,2026-05-21 17:24:52.383970+00:00,10016,Microsoft-Windows-DistributedCOM
23979,3,2026-05-21 17:24:54.559919+00:00,10016,Microsoft-Windows-DistributedCOM
23980,3,2026-05-21 17:24:54.581442+00:00,10016,Microsoft-Windows-DistributedCOM
23981,3,2026-05-21 17:24:54.623476+00:00,10016,Microsoft-Windows-DistributedCOM
23986,3,2026-05-21 21:16:46.036882+00:00,10016,Microsoft-Windows-DistributedCOM
24047,3,2026-05-22 00:41:23.529749+00:00,10016,Microsoft-Windows-DistributedCOM
24059,3,2026-05-22 04:15:24.232803+00:00,10016,Microsoft-Windows-DistributedCOM
24075,3,2026-05-22 15:03:11.540569+00:00,34,BTHUSB
24092,3,2026-05-22 15:04:15.017950+00:00,10016,Microsoft-Windows-DistributedCOM
24103,3,2026-05-22 16:30:52.907301+00:00,10016,Microsoft-Windows-DistributedCOM
24111,3,2026-05-23 02:09:20.321236+00:00,10016,Microsoft-Windows-DistributedCOM
24115,3,2026-05-23 05:22:27.627819+00:00,10016,Microsoft-Windows-DistributedCOM
24119,3,2026-05-23 06:34:25.076824+00:00,10016,Microsoft-Windows-DistributedCOM
24127,3,2026-05-23 12:09:51.560413+00:00,10016,Microsoft-Windows-DistributedCOM
24130,3,2026-05-23 13:16:13.495798+00:00,4266,Tcpip
24134,3,2026-05-23 16:02:47.196236+00:00,10016,Microsoft-Windows-DistributedCOM
24141,3,2026-05-23 22:01:34.397205+00:00,10016,Microsoft-Windows-DistributedCOM
24149,3,2026-05-24 02:21:20.487520+00:00,10016,Microsoft-Windows-DistributedCOM
24155,2,2026-05-24 02:21:45.575056+00:00,20,Microsoft-Windows-WindowsUpdateClient
24162,2,2026-05-24 02:22:17.269798+00:00,20,Microsoft-Windows-WindowsUpdateClient
24189,3,2026-05-24 06:24:39.579895+00:00,10016,Microsoft-Windows-DistributedCOM
24194,3,2026-05-24 08:24:31.816515+00:00,10016,Microsoft-Windows-DistributedCOM
24201,3,2026-05-24 10:09:41.491402+00:00,10016,Microsoft-Windows-DistributedCOM
24222,3,2026-05-24 16:10:16.368664+00:00,10016,Microsoft-Windows-DistributedCOM
24228,2,2026-05-24 16:10:26.362362+00:00,20,Microsoft-Windows-WindowsUpdateClient
24230,2,2026-05-24 16:10:28.430351+00:00,20,Microsoft-Windows-WindowsUpdateClient
24231,3,2026-05-24 22:44:42.175713+00:00,10016,Microsoft-Windows-DistributedCOM
24237,3,2026-05-25 02:22:37.960621+00:00,4266,Tcpip
24251,3,2026-05-25 14:36:45.497316+00:00,34,BTHUSB
24266,3,2026-05-25 14:37:25.386129+00:00,10016,Microsoft-Windows-DistributedCOM
24273,3,2026-05-25 14:48:07.749912+00:00,10016,Microsoft-Windows-DistributedCOM
24285,3,2026-05-25 16:34:28.015507+00:00,10016,Microsoft-Windows-DistributedCOM
24306,3,2026-05-26 04:02:45.443125+00:00,10016,Microsoft-Windows-DistributedCOM
24312,3,2026-05-26 05:24:45.712687+00:00,10016,Microsoft-Windows-DistributedCOM
24316,2,2026-05-26 05:24:49.693501+00:00,20,Microsoft-Windows-WindowsUpdateClient
24318,2,2026-05-26 05:24:52.039551+00:00,20,Microsoft-Windows-WindowsUpdateClient
24329,3,2026-05-26 13:10:57.496441+00:00,34,BTHUSB
24375,3,2026-05-26 17:09:31.141985+00:00,10016,Microsoft-Windows-DistributedCOM
24376,3,2026-05-26 17:09:31.166986+00:00,10016,Microsoft-Windows-DistributedCOM
24377,3,2026-05-26 17:09:31.210024+00:00,10016,Microsoft-Windows-DistributedCOM
24378,3,2026-05-26 17:09:32.993568+00:00,10016,Microsoft-Windows-DistributedCOM
24379,3,2026-05-26 17:09:33.025570+00:00,10016,Microsoft-Windows-DistributedCOM
24380,3,2026-05-26 17:09:33.078104+00:00,10016,Microsoft-Windows-DistributedCOM
24387,3,2026-05-26 17:19:23.841137+00:00,10016,Microsoft-Windows-DistributedCOM
24396,3,2026-05-26 18:09:27.949903+00:00,10016,Microsoft-Windows-DistributedCOM
24405,3,2026-05-26 22:51:10.390213+00:00,10016,Microsoft-Windows-DistributedCOM
24418,3,2026-05-27 04:07:46.227915+00:00,10016,Microsoft-Windows-DistributedCOM
24420,3,2026-05-27 06:10:13.603796+00:00,10016,Microsoft-Windows-DistributedCOM
24453,3,2026-05-31 17:30:31.879313+00:00,34,BTHUSB
24476,3,2026-05-31 17:30:35.451349+00:00,10016,Microsoft-Windows-DistributedCOM
24477,3,2026-05-31 17:30:35.453571+00:00,10016,Microsoft-Windows-DistributedCOM
24494,2,2026-05-31 17:30:41.543053+00:00,1040,Microsoft-Windows-TPM-WMI
24508,3,2026-05-31 17:30:51.895350+00:00,10016,Microsoft-Windows-DistributedCOM
24529,3,2026-05-31 17:31:23.214994+00:00,10016,Microsoft-Windows-DistributedCOM
24530,3,2026-05-31 17:31:23.261971+00:00,10016,Microsoft-Windows-DistributedCOM
24531,3,2026-05-31 17:31:23.368460+00:00,10016,Microsoft-Windows-DistributedCOM
24532,3,2026-05-31 17:31:25.484753+00:00,10016,Microsoft-Windows-DistributedCOM
24533,3,2026-05-31 17:31:25.523962+00:00,10016,Microsoft-Windows-DistributedCOM
24534,3,2026-05-31 17:31:25.629620+00:00,10016,Microsoft-Windows-DistributedCOM
24549,3,2026-05-31 17:32:06.206163+00:00,10016,Microsoft-Windows-DistributedCOM
24639,2,2026-05-31 17:33:19.610317+00:00,7009,Service Control Manager
24640,2,2026-05-31 17:33:19.610317+00:00,7000,Service Control Manager
24651,3,2026-05-31 17:36:43.689268+00:00,10016,Microsoft-Windows-DistributedCOM
24655,3,2026-05-31 17:47:48.838720+00:00,10016,Microsoft-Windows-DistributedCOM
24657,3,2026-05-31 17:47:59.229120+00:00,10016,Microsoft-Windows-DistributedCOM
24658,3,2026-05-31 17:47:59.265524+00:00,10016,Microsoft-Windows-DistributedCOM
24659,3,2026-05-31 17:48:02.240709+00:00,10016,Microsoft-Windows-DistributedCOM
24661,3,2026-05-31 17:59:31.396683+00:00,10016,Microsoft-Windows-DistributedCOM
24662,3,2026-05-31 18:01:20.805481+00:00,10016,Microsoft-Windows-DistributedCOM
24672,3,2026-05-31 18:36:27.521080+00:00,10016,Microsoft-Windows-DistributedCOM
24688,3,2026-05-31 19:05:30.483070+00:00,10016,Microsoft-Windows-DistributedCOM
24703,3,2026-05-31 19:07:38.976816+00:00,4266,Tcpip
24733,3,2026-06-01 03:11:35.052780+00:00,10016,Microsoft-Windows-DistributedCOM
24747,3,2026-06-01 06:06:38.333628+00:00,10016,Microsoft-Windows-DistributedCOM
24789,3,2026-06-01 08:24:29.559488+00:00,10016,Microsoft-Windows-DistributedCOM
24804,3,2026-06-01 16:06:28.208273+00:00,10016,Microsoft-Windows-DistributedCOM
24805,3,2026-06-01 16:06:28.224274+00:00,10016,Microsoft-Windows-DistributedCOM
24806,3,2026-06-01 16:06:30.584152+00:00,10016,Microsoft-Windows-DistributedCOM
24807,3,2026-06-01 16:06:30.702150+00:00,10016,Microsoft-Windows-DistributedCOM
24818,3,2026-06-01 18:07:05.123407+00:00,10016,Microsoft-Windows-DistributedCOM
24826,3,2026-06-01 19:25:23.663206+00:00,10016,Microsoft-Windows-DistributedCOM
24827,3,2026-06-01 19:25:23.693205+00:00,10016,Microsoft-Windows-DistributedCOM
24828,3,2026-06-01 19:25:23.749792+00:00,10016,Microsoft-Windows-DistributedCOM
24829,3,2026-06-01 19:25:30.981340+00:00,10016,Microsoft-Windows-DistributedCOM
24830,3,2026-06-01 19:25:31.011057+00:00,10016,Microsoft-Windows-DistributedCOM
24831,3,2026-06-01 19:25:31.064051+00:00,10016,Microsoft-Windows-DistributedCOM
24835,3,2026-06-01 23:34:09.517643+00:00,10016,Microsoft-Windows-DistributedCOM
24842,2,2026-06-02 00:34:44.775455+00:00,11,disk
24852,3,2026-06-02 03:01:36.749222+00:00,10016,Microsoft-Windows-DistributedCOM
24866,3,2026-06-02 07:06:41.355095+00:00,10016,Microsoft-Windows-DistributedCOM
24871,3,2026-06-02 08:24:29.569767+00:00,10016,Microsoft-Windows-DistributedCOM
24886,3,2026-06-02 14:51:16.754639+00:00,10016,Microsoft-Windows-DistributedCOM
24890,3,2026-06-02 16:06:28.020075+00:00,10016,Microsoft-Windows-DistributedCOM
24891,3,2026-06-02 16:06:28.035072+00:00,10016,Microsoft-Windows-DistributedCOM
24892,3,2026-06-02 16:06:30.341270+00:00,10016,Microsoft-Windows-DistributedCOM
24893,3,2026-06-02 16:06:30.382271+00:00,10016,Microsoft-Windows-DistributedCOM
24907,3,2026-06-02 19:10:45.545128+00:00,10016,Microsoft-Windows-DistributedCOM
24911,3,2026-06-02 20:15:01.521404+00:00,10016,Microsoft-Windows-DistributedCOM
24912,3,2026-06-02 20:15:01.547401+00:00,10016,Microsoft-Windows-DistributedCOM
24913,3,2026-06-02 20:15:01.597399+00:00,10016,Microsoft-Windows-DistributedCOM
24914,3,2026-06-02 20:15:03.021955+00:00,10016,Microsoft-Windows-DistributedCOM
24915,3,2026-06-02 20:15:03.047962+00:00,10016,Microsoft-Windows-DistributedCOM
24916,3,2026-06-02 20:15:03.088472+00:00,10016,Microsoft-Windows-DistributedCOM
24919,3,2026-06-02 21:10:33.864655+00:00,10016,Microsoft-Windows-DistributedCOM
24933,3,2026-06-03 03:02:05.518599+00:00,10016,Microsoft-Windows-DistributedCOM
24946,3,2026-06-03 15:49:16.505096+00:00,34,BTHUSB
24965,3,2026-06-03 16:04:36.822569+00:00,10016,Microsoft-Windows-DistributedCOM
24970,3,2026-06-03 16:05:32.761818+00:00,10016,Microsoft-Windows-DistributedCOM
24971,3,2026-06-03 16:05:32.795816+00:00,10016,Microsoft-Windows-DistributedCOM
24972,3,2026-06-03 16:05:35.168064+00:00,10016,Microsoft-Windows-DistributedCOM
24973,3,2026-06-03 16:05:36.228832+00:00,10016,Microsoft-Windows-DistributedCOM
24982,3,2026-06-03 17:47:40.742357+00:00,10016,Microsoft-Windows-DistributedCOM
24988,3,2026-06-03 20:23:55.309772+00:00,10016,Microsoft-Windows-DistributedCOM
24989,3,2026-06-03 20:23:55.353920+00:00,10016,Microsoft-Windows-DistributedCOM
24990,3,2026-06-03 20:23:55.457563+00:00,10016,Microsoft-Windows-DistributedCOM
24991,3,2026-06-03 20:23:57.678532+00:00,10016,Microsoft-Windows-DistributedCOM
24992,3,2026-06-03 20:23:57.740799+00:00,10016,Microsoft-Windows-DistributedCOM
24993,3,2026-06-03 20:23:57.852917+00:00,10016,Microsoft-Windows-DistributedCOM
25000,3,2026-06-03 21:36:44.848053+00:00,10016,Microsoft-Windows-DistributedCOM
25059,3,2026-06-04 00:09:23.629610+00:00,4266,Tcpip
25072,3,2026-06-04 04:42:14.002651+00:00,10016,Microsoft-Windows-DistributedCOM
25098,3,2026-06-04 08:24:32.785088+00:00,10016,Microsoft-Windows-DistributedCOM
25120,2,2026-06-04 14:30:02.410837+00:00,7030,Service Control Manager
25123,3,2026-06-04 14:30:02.654499+00:00,11,Microsoft-Windows-FilterManager
25124,3,2026-06-04 14:30:02.654640+00:00,11,Microsoft-Windows-FilterManager
25125,3,2026-06-04 14:30:02.654789+00:00,11,Microsoft-Windows-FilterManager
25126,3,2026-06-04 14:30:02.654858+00:00,11,Microsoft-Windows-FilterManager
25127,3,2026-06-04 14:30:02.654926+00:00,11,Microsoft-Windows-FilterManager
25128,3,2026-06-04 14:30:02.654991+00:00,11,Microsoft-Windows-FilterManager
25131,3,2026-06-04 14:30:02.733496+00:00,11,Microsoft-Windows-FilterManager
25132,3,2026-06-04 14:30:02.733603+00:00,11,Microsoft-Windows-FilterManager
25133,3,2026-06-04 14:30:02.733746+00:00,11,Microsoft-Windows-FilterManager
25134,3,2026-06-04 14:30:02.733818+00:00,11,Microsoft-Windows-FilterManager
25135,3,2026-06-04 14:30:02.733923+00:00,11,Microsoft-Windows-FilterManager
25136,3,2026-06-04 14:30:02.734013+00:00,11,Microsoft-Windows-FilterManager
25140,2,2026-06-04 14:30:06.052927+00:00,7030,Service Control Manager
25146,3,2026-06-04 15:39:30.300961+00:00,10016,Microsoft-Windows-DistributedCOM
25152,3,2026-06-04 16:23:51.675009+00:00,10016,Microsoft-Windows-DistributedCOM
25153,3,2026-06-04 16:23:51.703571+00:00,10016,Microsoft-Windows-DistributedCOM
25154,3,2026-06-04 16:23:51.760138+00:00,10016,Microsoft-Windows-DistributedCOM
25155,3,2026-06-04 16:23:53.468918+00:00,10016,Microsoft-Windows-DistributedCOM
25156,3,2026-06-04 16:23:53.494919+00:00,10016,Microsoft-Windows-DistributedCOM
25157,3,2026-06-04 16:23:53.556639+00:00,10016,Microsoft-Windows-DistributedCOM
25158,3,2026-06-04 16:29:06.051035+00:00,10016,Microsoft-Windows-DistributedCOM
25159,3,2026-06-04 16:29:06.064035+00:00,10016,Microsoft-Windows-DistributedCOM
25160,3,2026-06-04 16:29:08.417200+00:00,10016,Microsoft-Windows-DistributedCOM
25161,3,2026-06-04 16:29:08.549219+00:00,10016,Microsoft-Windows-DistributedCOM
25162,3,2026-06-04 16:53:02.164337+00:00,10016,Microsoft-Windows-DistributedCOM
25177,3,2026-06-04 18:37:46.490694+00:00,10016,Microsoft-Windows-DistributedCOM
25180,3,2026-06-04 20:33:13.961870+00:00,10016,Microsoft-Windows-DistributedCOM
25192,2,2026-06-04 20:33:51.755810+00:00,20,Microsoft-Windows-WindowsUpdateClient
25196,3,2026-06-04 20:56:20.558506+00:00,2,HidBth
25211,2,2026-06-04 21:09:24.907288+00:00,10010,Microsoft-Windows-DistributedCOM
25212,3,2026-06-04 21:23:18.789509+00:00,2,HidBth
25215,3,2026-06-04 22:36:45.125240+00:00,10016,Microsoft-Windows-DistributedCOM
25221,2,2026-06-04 23:32:13.282648+00:00,3505,Microsoft-Windows-DeviceAssociationService
25222,2,2026-06-04 23:32:13.282700+00:00,16,BTHUSB
25226,3,2026-06-04 23:33:16.095520+00:00,3,BTHUSB
25230,3,2026-06-05 00:31:44.124886+00:00,2,HidBth
25231,3,2026-06-05 00:33:08.479603+00:00,2,HidBth
25238,3,2026-06-05 00:51:01.921066+00:00,4266,Tcpip
25251,3,2026-06-05 14:46:13.498383+00:00,34,BTHUSB
25265,3,2026-06-05 14:46:58.118952+00:00,10016,Microsoft-Windows-DistributedCOM
25274,3,2026-06-05 14:57:16.814489+00:00,10016,Microsoft-Windows-DistributedCOM
25275,2,2026-06-05 15:10:55.585659+00:00,10010,Microsoft-Windows-DistributedCOM
25279,2,2026-06-05 15:22:27.182671+00:00,10029,Microsoft-Windows-DistributedCOM
25280,2,2026-06-05 15:26:28.207874+00:00,10029,Microsoft-Windows-DistributedCOM
25281,2,2026-06-05 15:30:29.317123+00:00,10029,Microsoft-Windows-DistributedCOM
25283,2,2026-06-05 15:34:30.450539+00:00,10029,Microsoft-Windows-DistributedCOM
25284,2,2026-06-05 15:38:31.485813+00:00,10029,Microsoft-Windows-DistributedCOM
25285,2,2026-06-05 15:42:32.500242+00:00,10029,Microsoft-Windows-DistributedCOM
25288,2,2026-06-05 15:46:33.681322+00:00,10029,Microsoft-Windows-DistributedCOM
25290,2,2026-06-05 15:50:34.904428+00:00,10029,Microsoft-Windows-DistributedCOM
25293,2,2026-06-05 16:06:49.054438+00:00,10029,Microsoft-Windows-DistributedCOM
25294,2,2026-06-05 16:10:50.123520+00:00,10029,Microsoft-Windows-DistributedCOM
25295,2,2026-06-05 16:19:40.569427+00:00,10029,Microsoft-Windows-DistributedCOM
25296,2,2026-06-05 16:24:00.293484+00:00,10029,Microsoft-Windows-DistributedCOM
25297,2,2026-06-05 16:29:16.111963+00:00,10029,Microsoft-Windows-DistributedCOM
25298,2,2026-06-05 16:33:17.086128+00:00,10029,Microsoft-Windows-DistributedCOM
25299,2,2026-06-05 16:37:18.131811+00:00,10029,Microsoft-Windows-DistributedCOM
25300,2,2026-06-05 16:41:19.212063+00:00,10029,Microsoft-Windows-DistributedCOM
25301,3,2026-06-05 16:43:09.573174+00:00,10016,Microsoft-Windows-DistributedCOM
25302,3,2026-06-05 16:43:09.595747+00:00,10016,Microsoft-Windows-DistributedCOM
25303,3,2026-06-05 16:43:11.934587+00:00,10016,Microsoft-Windows-DistributedCOM
25304,3,2026-06-05 16:43:12.918955+00:00,10016,Microsoft-Windows-DistributedCOM
25305,2,2026-06-05 16:45:20.155865+00:00,10029,Microsoft-Windows-DistributedCOM
25306,3,2026-06-05 17:11:24.227119+00:00,2,HidBth
25307,2,2026-06-05 17:15:35.479267+00:00,10029,Microsoft-Windows-DistributedCOM
25308,3,2026-06-05 17:16:26.653236+00:00,10016,Microsoft-Windows-DistributedCOM
25309,2,2026-06-05 17:19:36.350918+00:00,10029,Microsoft-Windows-DistributedCOM
25310,2,2026-06-05 17:23:37.229757+00:00,10029,Microsoft-Windows-DistributedCOM
25313,3,2026-06-05 19:46:47.211863+00:00,10016,Microsoft-Windows-DistributedCOM
25318,3,2026-06-05 20:58:24.068129+00:00,34,BTHUSB
25320,3,2026-06-05 21:35:41.681139+00:00,10016,Microsoft-Windows-DistributedCOM
25328,2,2026-06-05 21:44:40.808464+00:00,10029,Microsoft-Windows-DistributedCOM
25329,2,2026-06-05 21:48:41.743763+00:00,10029,Microsoft-Windows-DistributedCOM
25330,2,2026-06-05 21:52:42.754545+00:00,10029,Microsoft-Windows-DistributedCOM
25331,2,2026-06-05 22:01:18.069397+00:00,7009,Service Control Manager
25332,2,2026-06-05 22:01:18.070396+00:00,7000,Service Control Manager
25333,3,2026-06-05 22:14:39.704767+00:00,10016,Microsoft-Windows-DistributedCOM
25336,3,2026-06-05 22:16:51.928501+00:00,2,HidBth
25343,2,2026-06-05 22:18:35.774109+00:00,3503,Microsoft-Windows-DeviceAssociationService
25347,2,2026-06-05 22:20:08.133877+00:00,10029,Microsoft-Windows-DistributedCOM
25348,3,2026-06-05 22:20:13.325991+00:00,2,HidBth
25349,3,2026-06-05 22:20:20.966738+00:00,2,HidBth
25352,3,2026-06-05 22:20:45.407879+00:00,34,BTHUSB
25353,2,2026-06-05 22:21:38.409386+00:00,3505,Microsoft-Windows-DeviceAssociationService
25354,2,2026-06-05 22:21:38.409658+00:00,16,BTHUSB
25357,3,2026-06-05 22:22:54.715725+00:00,3,BTHUSB
25358,2,2026-06-05 22:24:09.077938+00:00,10029,Microsoft-Windows-DistributedCOM
25359,3,2026-06-05 22:25:08.995325+00:00,2,HidBth
25360,3,2026-06-05 22:25:53.319588+00:00,10016,Microsoft-Windows-DistributedCOM
25385,2,2026-06-05 22:26:38.498491+00:00,10010,Microsoft-Windows-DistributedCOM
25386,2,2026-06-05 22:26:38.514391+00:00,10010,Microsoft-Windows-DistributedCOM
25387,2,2026-06-05 22:26:38.530397+00:00,10010,Microsoft-Windows-DistributedCOM
25388,2,2026-06-05 22:26:38.546417+00:00,10010,Microsoft-Windows-DistributedCOM
25389,2,2026-06-05 22:26:38.562477+00:00,10010,Microsoft-Windows-DistributedCOM
25390,2,2026-06-05 22:26:38.562477+00:00,10010,Microsoft-Windows-DistributedCOM
25391,2,2026-06-05 22:26:38.578226+00:00,10010,Microsoft-Windows-DistributedCOM
25392,2,2026-06-05 22:26:38.593864+00:00,10010,Microsoft-Windows-DistributedCOM
25393,2,2026-06-05 22:26:38.609692+00:00,10010,Microsoft-Windows-DistributedCOM
25394,2,2026-06-05 22:26:38.625727+00:00,10010,Microsoft-Windows-DistributedCOM
25395,2,2026-06-05 22:26:38.645365+00:00,10010,Microsoft-Windows-DistributedCOM
25396,2,2026-06-05 22:26:38.657711+00:00,10010,Microsoft-Windows-DistributedCOM
25397,2,2026-06-05 22:26:38.673412+00:00,10010,Microsoft-Windows-DistributedCOM
25398,2,2026-06-05 22:26:38.689062+00:00,10010,Microsoft-Windows-DistributedCOM
25399,2,2026-06-05 22:26:38.799389+00:00,10010,Microsoft-Windows-DistributedCOM
25400,2,2026-06-05 22:26:38.821613+00:00,10010,Microsoft-Windows-DistributedCOM
25401,2,2026-06-05 22:26:38.830976+00:00,10010,Microsoft-Windows-DistributedCOM
25402,2,2026-06-05 22:26:38.862761+00:00,10010,Microsoft-Windows-DistributedCOM
25403,2,2026-06-05 22:26:38.878859+00:00,10010,Microsoft-Windows-DistributedCOM
25404,2,2026-06-05 22:26:38.894617+00:00,10010,Microsoft-Windows-DistributedCOM
25405,2,2026-06-05 22:26:38.910322+00:00,10010,Microsoft-Windows-DistributedCOM
25406,2,2026-06-05 22:26:38.910322+00:00,10010,Microsoft-Windows-DistributedCOM
25407,2,2026-06-05 22:26:38.926010+00:00,10010,Microsoft-Windows-DistributedCOM
25408,2,2026-06-05 22:26:38.941923+00:00,10010,Microsoft-Windows-DistributedCOM
25409,2,2026-06-05 22:26:38.972776+00:00,10010,Microsoft-Windows-DistributedCOM
25410,2,2026-06-05 22:26:38.988426+00:00,10010,Microsoft-Windows-DistributedCOM
25411,2,2026-06-05 22:26:39.004332+00:00,10010,Microsoft-Windows-DistributedCOM
25412,2,2026-06-05 22:26:39.036251+00:00,10010,Microsoft-Windows-DistributedCOM
25413,2,2026-06-05 22:26:39.051962+00:00,10010,Microsoft-Windows-DistributedCOM
25414,2,2026-06-05 22:26:39.067818+00:00,10010,Microsoft-Windows-DistributedCOM
25415,2,2026-06-05 22:26:39.083578+00:00,10010,Microsoft-Windows-DistributedCOM
25416,2,2026-06-05 22:26:39.083578+00:00,10010,Microsoft-Windows-DistributedCOM
25417,2,2026-06-05 22:26:39.099497+00:00,10010,Microsoft-Windows-DistributedCOM
25418,2,2026-06-05 22:26:39.115370+00:00,10010,Microsoft-Windows-DistributedCOM
25419,2,2026-06-05 22:26:39.131353+00:00,10010,Microsoft-Windows-DistributedCOM
25420,2,2026-06-05 22:26:39.161354+00:00,10010,Microsoft-Windows-DistributedCOM
25421,2,2026-06-05 22:26:39.163094+00:00,10010,Microsoft-Windows-DistributedCOM
25422,2,2026-06-05 22:26:39.178932+00:00,10010,Microsoft-Windows-DistributedCOM
25526,3,2026-06-05 22:27:26.469194+00:00,34,BTHUSB
25532,3,2026-06-05 22:27:27.023373+00:00,10016,Microsoft-Windows-DistributedCOM
25559,2,2026-06-05 22:27:30.505730+00:00,1040,Microsoft-Windows-TPM-WMI
25564,3,2026-06-05 22:27:31.516674+00:00,10016,Microsoft-Windows-DistributedCOM
25565,3,2026-06-05 22:27:31.532358+00:00,10016,Microsoft-Windows-DistributedCOM
25600,2,2026-06-05 22:27:57.477884+00:00,4,HidBth
25603,3,2026-06-05 22:28:38.432367+00:00,10016,Microsoft-Windows-DistributedCOM
25635,3,2026-06-05 22:28:54.289867+00:00,10016,Microsoft-Windows-DistributedCOM
25636,3,2026-06-05 22:29:33.023071+00:00,10016,Microsoft-Windows-DistributedCOM
25637,3,2026-06-05 22:29:33.023071+00:00,10016,Microsoft-Windows-DistributedCOM
25638,3,2026-06-05 22:29:33.024073+00:00,10016,Microsoft-Windows-DistributedCOM
25643,3,2026-06-05 22:39:33.543949+00:00,10016,Microsoft-Windows-DistributedCOM
25644,3,2026-06-05 22:39:39.628717+00:00,10016,Microsoft-Windows-DistributedCOM
25645,3,2026-06-05 22:39:39.644232+00:00,10016,Microsoft-Windows-DistributedCOM
25646,3,2026-06-05 22:39:41.994438+00:00,10016,Microsoft-Windows-DistributedCOM
25647,3,2026-06-05 22:39:44.400084+00:00,10016,Microsoft-Windows-DistributedCOM
25648,3,2026-06-05 22:51:13.501795+00:00,4266,Tcpip
25659,3,2026-06-06 01:58:39.533958+00:00,34,BTHUSB
25686,3,2026-06-06 01:59:08.877008+00:00,10016,Microsoft-Windows-DistributedCOM
25688,3,2026-06-06 02:00:59.719473+00:00,10016,Microsoft-Windows-DistributedCOM
25727,3,2026-06-06 13:55:48.878897+00:00,34,BTHUSB
25759,3,2026-06-06 13:55:52.190521+00:00,10016,Microsoft-Windows-DistributedCOM
25760,3,2026-06-06 13:55:52.195908+00:00,10016,Microsoft-Windows-DistributedCOM
25762,2,2026-06-06 13:55:58.269594+00:00,1040,Microsoft-Windows-TPM-WMI
25766,3,2026-06-06 13:57:48.623482+00:00,10016,Microsoft-Windows-DistributedCOM
25802,3,2026-06-06 13:58:35.072153+00:00,10016,Microsoft-Windows-DistributedCOM
25804,3,2026-06-06 13:58:43.617891+00:00,10016,Microsoft-Windows-DistributedCOM
25806,3,2026-06-06 14:07:53.717710+00:00,10016,Microsoft-Windows-DistributedCOM
25807,3,2026-06-06 14:08:00.016815+00:00,10016,Microsoft-Windows-DistributedCOM
25808,3,2026-06-06 14:08:00.044357+00:00,10016,Microsoft-Windows-DistributedCOM
25809,3,2026-06-06 14:08:02.503429+00:00,10016,Microsoft-Windows-DistributedCOM
25810,3,2026-06-06 14:08:04.606258+00:00,10016,Microsoft-Windows-DistributedCOM
25811,3,2026-06-06 14:12:08.809826+00:00,10016,Microsoft-Windows-DistributedCOM
25817,3,2026-06-06 14:42:22.504656+00:00,10016,Microsoft-Windows-DistributedCOM
25826,3,2026-06-06 16:52:37.940952+00:00,10016,Microsoft-Windows-DistributedCOM
25827,3,2026-06-06 16:52:37.953953+00:00,10016,Microsoft-Windows-DistributedCOM
25828,3,2026-06-06 16:52:39.574697+00:00,10016,Microsoft-Windows-DistributedCOM
25829,3,2026-06-06 16:52:40.201696+00:00,10016,Microsoft-Windows-DistributedCOM
25847,3,2026-06-06 18:21:37.381039+00:00,10016,Microsoft-Windows-DistributedCOM
25854,3,2026-06-06 22:14:30.570278+00:00,10016,Microsoft-Windows-DistributedCOM
25855,3,2026-06-06 22:14:30.598274+00:00,10016,Microsoft-Windows-DistributedCOM
25856,3,2026-06-06 22:14:30.670277+00:00,10016,Microsoft-Windows-DistributedCOM
25857,3,2026-06-06 22:14:32.283634+00:00,10016,Microsoft-Windows-DistributedCOM
25858,3,2026-06-06 22:14:32.316051+00:00,10016,Microsoft-Windows-DistributedCOM
25859,3,2026-06-06 22:14:32.362059+00:00,10016,Microsoft-Windows-DistributedCOM
25862,3,2026-06-06 23:24:48.100935+00:00,4266,Tcpip
25863,3,2026-06-06 23:34:31.965843+00:00,10016,Microsoft-Windows-DistributedCOM
25867,2,2026-06-06 23:35:53.292816+00:00,20,Microsoft-Windows-WindowsUpdateClient
25882,3,2026-06-07 04:13:09.499315+00:00,10016,Microsoft-Windows-DistributedCOM
25899,3,2026-06-07 18:39:53.531031+00:00,34,BTHUSB
25929,3,2026-06-07 18:40:04.570814+00:00,10016,Microsoft-Windows-DistributedCOM
25935,3,2026-06-07 18:41:19.938793+00:00,10016,Microsoft-Windows-DistributedCOM
25936,3,2026-06-07 18:41:19.959492+00:00,10016,Microsoft-Windows-DistributedCOM
25937,3,2026-06-07 18:41:22.475983+00:00,10016,Microsoft-Windows-DistributedCOM
25938,3,2026-06-07 18:41:23.177090+00:00,10016,Microsoft-Windows-DistributedCOM
25943,3,2026-06-07 18:55:17.305899+00:00,10016,Microsoft-Windows-DistributedCOM
25953,3,2026-06-07 19:47:38.094940+00:00,10016,Microsoft-Windows-DistributedCOM
25973,3,2026-06-07 21:42:50.978180+00:00,10016,Microsoft-Windows-DistributedCOM
25976,2,2026-06-07 21:42:56.644991+00:00,20,Microsoft-Windows-WindowsUpdateClient
25977,3,2026-06-07 23:01:48.121693+00:00,10016,Microsoft-Windows-DistributedCOM
25995,3,2026-06-08 07:27:27.637444+00:00,10016,Microsoft-Windows-DistributedCOM
26000,3,2026-06-08 08:41:12.717997+00:00,10016,Microsoft-Windows-DistributedCOM
26017,3,2026-06-08 18:08:11.448534+00:00,4266,Tcpip
26021,3,2026-06-08 18:29:46.130754+00:00,10016,Microsoft-Windows-DistributedCOM
26022,3,2026-06-08 18:29:46.186722+00:00,10016,Microsoft-Windows-DistributedCOM
26023,3,2026-06-08 18:29:47.659258+00:00,10016,Microsoft-Windows-DistributedCOM
26024,3,2026-06-08 18:29:48.661058+00:00,10016,Microsoft-Windows-DistributedCOM
26025,3,2026-06-08 18:31:10.428505+00:00,10016,Microsoft-Windows-DistributedCOM
26026,3,2026-06-08 18:31:10.453508+00:00,10016,Microsoft-Windows-DistributedCOM
26027,3,2026-06-08 18:31:10.509598+00:00,10016,Microsoft-Windows-DistributedCOM
26028,3,2026-06-08 18:31:11.997328+00:00,10016,Microsoft-Windows-DistributedCOM
26029,3,2026-06-08 18:31:12.027443+00:00,10016,Microsoft-Windows-DistributedCOM
26030,3,2026-06-08 18:31:12.077986+00:00,10016,Microsoft-Windows-DistributedCOM
26031,3,2026-06-08 19:54:56.962143+00:00,10016,Microsoft-Windows-DistributedCOM
26035,3,2026-06-08 20:00:53.912342+00:00,10016,Microsoft-Windows-DistributedCOM
26040,3,2026-06-08 22:51:49.107655+00:00,10016,Microsoft-Windows-DistributedCOM
26080,3,2026-06-09 03:12:00.547661+00:00,10016,Microsoft-Windows-DistributedCOM
26089,2,2026-06-09 03:12:08.379288+00:00,20,Microsoft-Windows-WindowsUpdateClient
26097,3,2026-06-09 05:38:36.089514+00:00,10016,Microsoft-Windows-DistributedCOM
26108,3,2026-06-09 14:57:00.501038+00:00,34,BTHUSB
26142,3,2026-06-09 15:12:30.115623+00:00,10016,Microsoft-Windows-DistributedCOM
26149,3,2026-06-09 16:19:25.065071+00:00,10016,Microsoft-Windows-DistributedCOM
26159,3,2026-06-09 22:26:42.227411+00:00,10016,Microsoft-Windows-DistributedCOM
26180,3,2026-06-10 01:45:40.856533+00:00,10016,Microsoft-Windows-DistributedCOM
26187,3,2026-06-10 03:35:35.112797+00:00,10016,Microsoft-Windows-DistributedCOM
26216,3,2026-06-10 13:55:09.535770+00:00,34,BTHUSB
26240,3,2026-06-10 13:55:13.753347+00:00,4266,Tcpip
26244,3,2026-06-10 15:27:10.430592+00:00,10016,Microsoft-Windows-DistributedCOM
26253,3,2026-06-10 15:43:53.013876+00:00,10016,Microsoft-Windows-DistributedCOM
26289,3,2026-06-10 15:49:55.653267+00:00,10016,Microsoft-Windows-DistributedCOM
26306,3,2026-06-10 16:23:23.953930+00:00,10016,Microsoft-Windows-DistributedCOM
26428,3,2026-06-10 22:46:45.023251+00:00,10016,Microsoft-Windows-DistributedCOM
26429,3,2026-06-10 22:46:45.050251+00:00,10016,Microsoft-Windows-DistributedCOM
26430,3,2026-06-10 22:46:45.104908+00:00,10016,Microsoft-Windows-DistributedCOM
26431,3,2026-06-10 22:46:46.924299+00:00,10016,Microsoft-Windows-DistributedCOM
26432,3,2026-06-10 22:46:46.951302+00:00,10016,Microsoft-Windows-DistributedCOM
26433,3,2026-06-10 22:46:47.005604+00:00,10016,Microsoft-Windows-DistributedCOM
26434,3,2026-06-10 23:04:28.171825+00:00,10016,Microsoft-Windows-DistributedCOM
26448,2,2026-06-10 23:05:22.067326+00:00,20,Microsoft-Windows-WindowsUpdateClient
26460,3,2026-06-11 00:49:44.376511+00:00,10016,Microsoft-Windows-DistributedCOM
26464,3,2026-06-11 01:19:04.457821+00:00,10016,Microsoft-Windows-DistributedCOM
26502,3,2026-06-11 14:36:59.021648+00:00,34,BTHUSB
26543,3,2026-06-11 14:37:02.161692+00:00,10016,Microsoft-Windows-DistributedCOM
26544,3,2026-06-11 14:37:02.164351+00:00,10016,Microsoft-Windows-DistributedCOM
26565,2,2026-06-11 14:37:08.455118+00:00,1040,Microsoft-Windows-TPM-WMI
26591,2,2026-06-11 14:38:01.085928+00:00,7009,Service Control Manager
26592,2,2026-06-11 14:38:01.085928+00:00,7000,Service Control Manager
26624,3,2026-06-11 14:38:21.863556+00:00,10016,Microsoft-Windows-DistributedCOM
26626,3,2026-06-11 14:38:42.753544+00:00,10016,Microsoft-Windows-DistributedCOM
26639,3,2026-06-11 14:47:34.571867+00:00,10016,Microsoft-Windows-DistributedCOM
26642,3,2026-06-11 14:49:05.616610+00:00,10016,Microsoft-Windows-DistributedCOM
26645,3,2026-06-11 14:49:12.518585+00:00,10016,Microsoft-Windows-DistributedCOM
26646,3,2026-06-11 14:49:12.548754+00:00,10016,Microsoft-Windows-DistributedCOM
26647,3,2026-06-11 14:49:12.596680+00:00,10016,Microsoft-Windows-DistributedCOM
26648,3,2026-06-11 14:49:15.019993+00:00,10016,Microsoft-Windows-DistributedCOM
26649,3,2026-06-11 14:49:17.289759+00:00,10016,Microsoft-Windows-DistributedCOM
26658,3,2026-06-11 16:22:06.058804+00:00,10016,Microsoft-Windows-DistributedCOM
26659,3,2026-06-11 16:22:06.072805+00:00,10016,Microsoft-Windows-DistributedCOM
26660,3,2026-06-11 16:22:06.098806+00:00,10016,Microsoft-Windows-DistributedCOM
26661,3,2026-06-11 16:22:08.387676+00:00,10016,Microsoft-Windows-DistributedCOM
26662,3,2026-06-11 16:22:08.408678+00:00,10016,Microsoft-Windows-DistributedCOM
26665,3,2026-06-11 16:23:56.673685+00:00,10016,Microsoft-Windows-DistributedCOM
26668,3,2026-06-11 16:32:42.075493+00:00,10016,Microsoft-Windows-DistributedCOM
26669,3,2026-06-11 16:55:12.998774+00:00,10016,Microsoft-Windows-DistributedCOM
26670,3,2026-06-11 16:55:42.643242+00:00,10016,Microsoft-Windows-DistributedCOM
26671,3,2026-06-11 16:59:45.180929+00:00,10016,Microsoft-Windows-DistributedCOM
26687,3,2026-06-11 17:34:29.688738+00:00,4266,Tcpip
26690,3,2026-06-11 17:43:54.345083+00:00,10016,Microsoft-Windows-DistributedCOM
26691,3,2026-06-11 17:43:54.372416+00:00,10016,Microsoft-Windows-DistributedCOM
26692,3,2026-06-11 17:43:54.437937+00:00,10016,Microsoft-Windows-DistributedCOM
26693,3,2026-06-11 17:43:56.185080+00:00,10016,Microsoft-Windows-DistributedCOM
26694,3,2026-06-11 17:43:56.214127+00:00,10016,Microsoft-Windows-DistributedCOM
26695,3,2026-06-11 17:43:56.266224+00:00,10016,Microsoft-Windows-DistributedCOM
26701,3,2026-06-11 18:35:09.489645+00:00,10016,Microsoft-Windows-DistributedCOM
26702,3,2026-06-11 18:35:09.521448+00:00,10016,Microsoft-Windows-DistributedCOM
26703,3,2026-06-11 18:35:09.579342+00:00,10016,Microsoft-Windows-DistributedCOM
26704,3,2026-06-11 18:35:11.076361+00:00,10016,Microsoft-Windows-DistributedCOM
26705,3,2026-06-11 18:35:11.112972+00:00,10016,Microsoft-Windows-DistributedCOM
26706,3,2026-06-11 18:35:11.174694+00:00,10016,Microsoft-Windows-DistributedCOM
26708,3,2026-06-11 23:14:55.980074+00:00,10016,Microsoft-Windows-DistributedCOM
26755,2,2026-06-12 03:02:12.457035+00:00,1040,Microsoft-Windows-TPM-WMI
26757,3,2026-06-12 03:02:12.888723+00:00,34,BTHUSB
26795,3,2026-06-12 03:02:15.804203+00:00,10016,Microsoft-Windows-DistributedCOM
26796,3,2026-06-12 03:02:15.808994+00:00,10016,Microsoft-Windows-DistributedCOM
26797,3,2026-06-12 03:02:46.159840+00:00,10016,Microsoft-Windows-DistributedCOM
26830,3,2026-06-12 03:03:19.738075+00:00,10016,Microsoft-Windows-DistributedCOM
26833,3,2026-06-12 03:14:17.502420+00:00,10016,Microsoft-Windows-DistributedCOM
26834,3,2026-06-12 03:14:24.729599+00:00,10016,Microsoft-Windows-DistributedCOM
26835,3,2026-06-12 03:14:24.756599+00:00,10016,Microsoft-Windows-DistributedCOM
26836,3,2026-06-12 03:14:24.798103+00:00,10016,Microsoft-Windows-DistributedCOM
26837,3,2026-06-12 03:14:27.191433+00:00,10016,Microsoft-Windows-DistributedCOM
26838,3,2026-06-12 03:18:26.681599+00:00,10016,Microsoft-Windows-DistributedCOM
26860,3,2026-06-12 08:28:18.259743+00:00,10016,Microsoft-Windows-DistributedCOM
26968,3,2026-06-12 08:31:14.759005+00:00,34,BTHUSB
27036,2,2026-06-12 08:31:24.034939+00:00,1040,Microsoft-Windows-TPM-WMI
27164,3,2026-06-12 08:33:03.572456+00:00,34,BTHUSB
27223,2,2026-06-12 08:33:11.172895+00:00,10005,Microsoft-Windows-DistributedCOM
27238,2,2026-06-12 08:33:11.630728+00:00,7023,Service Control Manager
27240,2,2026-06-12 08:33:11.682138+00:00,1040,Microsoft-Windows-TPM-WMI
27318,3,2026-06-12 08:33:35.655987+00:00,34,BTHUSB
27380,2,2026-06-12 08:33:43.378624+00:00,1040,Microsoft-Windows-TPM-WMI
27406,3,2026-06-12 08:33:56.698561+00:00,10016,Microsoft-Windows-DistributedCOM
27413,3,2026-06-12 08:34:17.829634+00:00,10016,Microsoft-Windows-DistributedCOM
27417,3,2026-06-12 08:35:43.357836+00:00,10016,Microsoft-Windows-DistributedCOM
27419,3,2026-06-12 08:43:50.161606+00:00,10016,Microsoft-Windows-DistributedCOM
27424,3,2026-06-12 15:26:19.311024+00:00,10016,Microsoft-Windows-DistributedCOM
27425,3,2026-06-12 15:26:19.311024+00:00,10016,Microsoft-Windows-DistributedCOM
27461,3,2026-06-12 15:27:08.818047+00:00,10016,Microsoft-Windows-DistributedCOM
27463,3,2026-06-12 15:27:46.715836+00:00,10016,Microsoft-Windows-DistributedCOM
27501,3,2026-06-12 15:38:20.765818+00:00,10016,Microsoft-Windows-DistributedCOM
27502,3,2026-06-12 15:38:26.886513+00:00,10016,Microsoft-Windows-DistributedCOM
27503,3,2026-06-12 15:38:26.921513+00:00,10016,Microsoft-Windows-DistributedCOM
27504,3,2026-06-12 15:38:26.952513+00:00,10016,Microsoft-Windows-DistributedCOM
27505,3,2026-06-12 15:38:29.392714+00:00,10016,Microsoft-Windows-DistributedCOM
27506,3,2026-06-12 15:38:31.685955+00:00,10016,Microsoft-Windows-DistributedCOM
27509,3,2026-06-12 16:18:23.384907+00:00,10016,Microsoft-Windows-DistributedCOM
27510,3,2026-06-12 16:18:23.415905+00:00,10016,Microsoft-Windows-DistributedCOM
27511,3,2026-06-12 16:18:23.454906+00:00,10016,Microsoft-Windows-DistributedCOM
27512,3,2026-06-12 16:18:25.688974+00:00,10016,Microsoft-Windows-DistributedCOM
27513,3,2026-06-12 16:18:25.714975+00:00,10016,Microsoft-Windows-DistributedCOM
27582,3,2026-06-13 04:02:52.957960+00:00,10016,Microsoft-Windows-DistributedCOM
27589,3,2026-06-13 06:28:23.414726+00:00,4266,Tcpip
27591,3,2026-06-13 06:31:36.286552+00:00,10016,Microsoft-Windows-DistributedCOM
27609,3,2026-06-13 07:15:09.521643+00:00,10016,Microsoft-Windows-DistributedCOM
27631,3,2026-06-13 08:43:52.355078+00:00,10016,Microsoft-Windows-DistributedCOM
27641,3,2026-06-13 14:49:07.189165+00:00,10016,Microsoft-Windows-DistributedCOM
27646,3,2026-06-13 16:20:25.639956+00:00,10016,Microsoft-Windows-DistributedCOM
27659,3,2026-06-13 16:42:50.612373+00:00,10016,Microsoft-Windows-DistributedCOM
27660,3,2026-06-13 16:42:50.656378+00:00,10016,Microsoft-Windows-DistributedCOM
27661,3,2026-06-13 16:42:50.692377+00:00,10016,Microsoft-Windows-DistributedCOM
27662,3,2026-06-13 16:42:52.844027+00:00,10016,Microsoft-Windows-DistributedCOM
27663,3,2026-06-13 16:42:53.210588+00:00,10016,Microsoft-Windows-DistributedCOM
27667,3,2026-06-13 18:46:11.132597+00:00,10016,Microsoft-Windows-DistributedCOM
27668,3,2026-06-13 18:52:00.638197+00:00,10016,Microsoft-Windows-DistributedCOM
27681,3,2026-06-13 23:57:07.465105+00:00,153,disk
27694,3,2026-06-14 00:01:19.048780+00:00,10016,Microsoft-Windows-DistributedCOM
27695,2,2026-06-14 00:01:34.295755+00:00,7031,Service Control Manager
27703,3,2026-06-14 00:09:26.040274+00:00,10016,Microsoft-Windows-DistributedCOM
27709,3,2026-06-14 00:09:26.292271+00:00,10016,Microsoft-Windows-DistributedCOM
27720,3,2026-06-14 00:09:34.451849+00:00,10016,Microsoft-Windows-DistributedCOM
27721,2,2026-06-14 00:09:39.473623+00:00,7031,Service Control Manager
27724,3,2026-06-14 00:10:01.274633+00:00,10016,Microsoft-Windows-DistributedCOM
27725,2,2026-06-14 00:10:16.637041+00:00,7031,Service Control Manager
27731,3,2026-06-14 00:18:28.867968+00:00,10016,Microsoft-Windows-DistributedCOM
27736,3,2026-06-14 04:44:32.480591+00:00,10016,Microsoft-Windows-DistributedCOM
27741,3,2026-06-14 07:30:01.037180+00:00,4266,Tcpip
27743,3,2026-06-14 07:44:22.105770+00:00,10016,Microsoft-Windows-DistributedCOM
27751,3,2026-06-14 08:33:44.177759+00:00,10016,Microsoft-Windows-DistributedCOM
27757,3,2026-06-14 08:43:54.791889+00:00,10016,Microsoft-Windows-DistributedCOM
27765,3,2026-06-14 14:51:58.249838+00:00,10016,Microsoft-Windows-DistributedCOM
27769,3,2026-06-14 16:06:29.077457+00:00,10016,Microsoft-Windows-DistributedCOM
27770,3,2026-06-14 16:06:29.115458+00:00,10016,Microsoft-Windows-DistributedCOM
27771,3,2026-06-14 16:06:29.134457+00:00,10016,Microsoft-Windows-DistributedCOM
27772,3,2026-06-14 16:06:31.557951+00:00,10016,Microsoft-Windows-DistributedCOM
27773,3,2026-06-14 16:06:32.259247+00:00,10016,Microsoft-Windows-DistributedCOM
27774,3,2026-06-14 16:59:33.975801+00:00,10016,Microsoft-Windows-DistributedCOM
27817,3,2026-06-15 15:16:52.500156+00:00,34,BTHUSB
27846,3,2026-06-15 15:17:04.208050+00:00,10016,Microsoft-Windows-DistributedCOM
27847,3,2026-06-15 15:17:04.244350+00:00,10016,Microsoft-Windows-DistributedCOM
27848,3,2026-06-15 15:17:04.291269+00:00,10016,Microsoft-Windows-DistributedCOM
27849,3,2026-06-15 15:17:06.591133+00:00,10016,Microsoft-Windows-DistributedCOM
27850,3,2026-06-15 15:17:08.184212+00:00,10016,Microsoft-Windows-DistributedCOM
27851,3,2026-06-15 15:17:20.399347+00:00,10016,Microsoft-Windows-DistributedCOM
27860,3,2026-06-15 15:26:05.385386+00:00,10016,Microsoft-Windows-DistributedCOM
27861,3,2026-06-15 15:26:05.414724+00:00,10016,Microsoft-Windows-DistributedCOM
27862,3,2026-06-15 15:26:05.476419+00:00,10016,Microsoft-Windows-DistributedCOM
27863,3,2026-06-15 15:26:07.205328+00:00,10016,Microsoft-Windows-DistributedCOM
27864,3,2026-06-15 15:26:07.233866+00:00,10016,Microsoft-Windows-DistributedCOM
27865,3,2026-06-15 15:26:07.279547+00:00,10016,Microsoft-Windows-DistributedCOM
27872,3,2026-06-15 16:07:19.288221+00:00,10016,Microsoft-Windows-DistributedCOM
27873,3,2026-06-15 16:07:19.331789+00:00,10016,Microsoft-Windows-DistributedCOM
27874,3,2026-06-15 16:07:19.356861+00:00,10016,Microsoft-Windows-DistributedCOM
27875,3,2026-06-15 16:07:21.849434+00:00,10016,Microsoft-Windows-DistributedCOM
27876,3,2026-06-15 16:07:23.330637+00:00,10016,Microsoft-Windows-DistributedCOM
27877,3,2026-06-15 16:07:34.857294+00:00,4266,Tcpip
27880,3,2026-06-15 16:23:15.897848+00:00,10016,Microsoft-Windows-DistributedCOM
27886,3,2026-06-15 17:40:09.734850+00:00,10016,Microsoft-Windows-DistributedCOM
27894,3,2026-06-15 18:32:00.282473+00:00,10016,Microsoft-Windows-DistributedCOM
27895,3,2026-06-15 18:32:00.451691+00:00,10016,Microsoft-Windows-DistributedCOM
27896,3,2026-06-15 18:32:00.490288+00:00,10016,Microsoft-Windows-DistributedCOM
27897,3,2026-06-15 18:32:02.268995+00:00,10016,Microsoft-Windows-DistributedCOM
27898,3,2026-06-15 18:32:02.298000+00:00,10016,Microsoft-Windows-DistributedCOM
27899,3,2026-06-15 18:32:02.343027+00:00,10016,Microsoft-Windows-DistributedCOM
27969,3,2026-06-16 01:51:34.410135+00:00,10016,Microsoft-Windows-DistributedCOM
27974,3,2026-06-16 03:25:35.286816+00:00,10016,Microsoft-Windows-DistributedCOM
27983,3,2026-06-16 05:20:39.556473+00:00,10016,Microsoft-Windows-DistributedCOM
27987,2,2026-06-16 05:20:47.544250+00:00,20,Microsoft-Windows-WindowsUpdateClient
27994,2,2026-06-16 05:20:55.015675+00:00,10005,Microsoft-Windows-DistributedCOM
27995,2,2026-06-16 05:20:55.024975+00:00,10005,Microsoft-Windows-DistributedCOM
27997,2,2026-06-16 05:20:55.289591+00:00,10005,Microsoft-Windows-DistributedCOM
27998,2,2026-06-16 05:20:55.294601+00:00,10005,Microsoft-Windows-DistributedCOM
28002,2,2026-06-16 05:23:11.179943+00:00,10010,Microsoft-Windows-DistributedCOM
28012,3,2026-06-16 14:33:03.497011+00:00,34,BTHUSB
28039,3,2026-06-16 14:33:14.276760+00:00,10016,Microsoft-Windows-DistributedCOM
28040,3,2026-06-16 14:33:14.330715+00:00,10016,Microsoft-Windows-DistributedCOM
28041,3,2026-06-16 14:33:14.374584+00:00,10016,Microsoft-Windows-DistributedCOM
28042,3,2026-06-16 14:33:16.758568+00:00,10016,Microsoft-Windows-DistributedCOM
28043,3,2026-06-16 14:33:16.967762+00:00,10016,Microsoft-Windows-DistributedCOM
28044,2,2026-06-16 14:35:08.178461+00:00,10010,Microsoft-Windows-DistributedCOM
28048,3,2026-06-16 14:45:23.600903+00:00,10016,Microsoft-Windows-DistributedCOM
28051,3,2026-06-16 14:56:51.189337+00:00,10016,Microsoft-Windows-DistributedCOM
28065,2,2026-06-16 14:57:20.547213+00:00,20,Microsoft-Windows-WindowsUpdateClient
28068,2,2026-06-16 14:57:30.454174+00:00,20,Microsoft-Windows-WindowsUpdateClient
28072,2,2026-06-16 14:57:39.325682+00:00,20,Microsoft-Windows-WindowsUpdateClient
28076,3,2026-06-16 15:28:16.099535+00:00,10016,Microsoft-Windows-DistributedCOM
28085,3,2026-06-16 16:06:04.378925+00:00,10016,Microsoft-Windows-DistributedCOM
28086,3,2026-06-16 16:06:04.417154+00:00,10016,Microsoft-Windows-DistributedCOM
28087,3,2026-06-16 16:06:04.458120+00:00,10016,Microsoft-Windows-DistributedCOM
28088,3,2026-06-16 16:06:06.754438+00:00,10016,Microsoft-Windows-DistributedCOM
28089,3,2026-06-16 16:06:07.485067+00:00,10016,Microsoft-Windows-DistributedCOM
28100,3,2026-06-16 17:37:05.888189+00:00,10016,Microsoft-Windows-DistributedCOM
28101,3,2026-06-16 17:37:05.916185+00:00,10016,Microsoft-Windows-DistributedCOM
28102,3,2026-06-16 17:37:05.983051+00:00,10016,Microsoft-Windows-DistributedCOM
28103,3,2026-06-16 17:37:56.993389+00:00,10016,Microsoft-Windows-DistributedCOM
28104,3,2026-06-16 17:37:57.022854+00:00,10016,Microsoft-Windows-DistributedCOM
28105,3,2026-06-16 17:37:57.079012+00:00,10016,Microsoft-Windows-DistributedCOM
28141,2,2026-06-17 03:07:58.417309+00:00,1040,Microsoft-Windows-TPM-WMI
28143,3,2026-06-17 03:07:58.705421+00:00,34,BTHUSB
28151,3,2026-06-17 03:07:59.266186+00:00,134,Microsoft-Windows-Time-Service
28176,3,2026-06-17 03:08:01.939177+00:00,10016,Microsoft-Windows-DistributedCOM
28177,3,2026-06-17 03:08:01.939177+00:00,10016,Microsoft-Windows-DistributedCOM
28179,3,2026-06-17 03:08:45.067619+00:00,10016,Microsoft-Windows-DistributedCOM
28215,3,2026-06-17 03:09:07.834391+00:00,10016,Microsoft-Windows-DistributedCOM
28217,3,2026-06-17 03:14:00.536888+00:00,10016,Microsoft-Windows-DistributedCOM
28218,3,2026-06-17 03:14:09.734837+00:00,10016,Microsoft-Windows-DistributedCOM
28219,3,2026-06-17 03:14:09.903856+00:00,10016,Microsoft-Windows-DistributedCOM
28220,3,2026-06-17 03:14:09.937855+00:00,10016,Microsoft-Windows-DistributedCOM
28221,3,2026-06-17 03:14:11.831652+00:00,10016,Microsoft-Windows-DistributedCOM
28222,3,2026-06-17 03:14:12.422108+00:00,10016,Microsoft-Windows-DistributedCOM
28224,3,2026-06-17 03:50:11.804592+00:00,10016,Microsoft-Windows-DistributedCOM
28231,3,2026-06-17 06:13:04.842659+00:00,10016,Microsoft-Windows-DistributedCOM
28232,3,2026-06-17 06:34:55.171986+00:00,10016,Microsoft-Windows-DistributedCOM
28240,3,2026-06-17 08:33:50.509665+00:00,10016,Microsoft-Windows-DistributedCOM
28243,3,2026-06-17 09:21:11.823195+00:00,1014,Microsoft-Windows-DNS-Client
28307,3,2026-06-17 16:47:43.926455+00:00,10016,Microsoft-Windows-DistributedCOM
28319,3,2026-06-17 18:09:10.428663+00:00,10016,Microsoft-Windows-DistributedCOM
28326,3,2026-06-17 20:24:24.878210+00:00,10016,Microsoft-Windows-DistributedCOM
28327,3,2026-06-17 20:24:24.943775+00:00,10016,Microsoft-Windows-DistributedCOM
28328,3,2026-06-17 20:24:25.284575+00:00,10016,Microsoft-Windows-DistributedCOM
28329,3,2026-06-17 20:24:27.051336+00:00,10016,Microsoft-Windows-DistributedCOM
28330,3,2026-06-17 20:24:27.083347+00:00,10016,Microsoft-Windows-DistributedCOM
28331,3,2026-06-17 20:24:27.132963+00:00,10016,Microsoft-Windows-DistributedCOM
28332,3,2026-06-17 20:34:58.075205+00:00,10016,Microsoft-Windows-DistributedCOM
28333,3,2026-06-17 20:34:58.100203+00:00,10016,Microsoft-Windows-DistributedCOM
28334,3,2026-06-17 20:34:58.162979+00:00,10016,Microsoft-Windows-DistributedCOM
28335,3,2026-06-17 20:34:59.522779+00:00,10016,Microsoft-Windows-DistributedCOM
28336,3,2026-06-17 20:34:59.550781+00:00,10016,Microsoft-Windows-DistributedCOM
28337,3,2026-06-17 20:34:59.592844+00:00,10016,Microsoft-Windows-DistributedCOM
28338,3,2026-06-17 20:46:14.205351+00:00,4266,Tcpip
28402,3,2026-06-18 05:08:23.894020+00:00,10016,Microsoft-Windows-DistributedCOM
28408,3,2026-06-18 07:39:16.640972+00:00,10016,Microsoft-Windows-DistributedCOM
28418,3,2026-06-18 16:06:29.483494+00:00,10016,Microsoft-Windows-DistributedCOM
28419,3,2026-06-18 16:06:29.583313+00:00,10016,Microsoft-Windows-DistributedCOM
28420,3,2026-06-18 16:06:29.642403+00:00,10016,Microsoft-Windows-DistributedCOM
28421,3,2026-06-18 16:06:31.713154+00:00,10016,Microsoft-Windows-DistributedCOM
28422,3,2026-06-18 16:06:32.178707+00:00,10016,Microsoft-Windows-DistributedCOM
28434,3,2026-06-18 17:39:28.033072+00:00,10016,Microsoft-Windows-DistributedCOM
28443,3,2026-06-18 20:43:55.693884+00:00,10016,Microsoft-Windows-DistributedCOM
28444,3,2026-06-18 20:43:55.718884+00:00,10016,Microsoft-Windows-DistributedCOM
28445,3,2026-06-18 20:43:55.777935+00:00,10016,Microsoft-Windows-DistributedCOM
28446,3,2026-06-18 20:43:57.234707+00:00,10016,Microsoft-Windows-DistributedCOM
28447,3,2026-06-18 20:43:57.262707+00:00,10016,Microsoft-Windows-DistributedCOM
28448,3,2026-06-18 20:43:57.313705+00:00,10016,Microsoft-Windows-DistributedCOM
28451,3,2026-06-18 22:11:21.095844+00:00,4266,Tcpip
28452,3,2026-06-19 01:15:34.669218+00:00,10016,Microsoft-Windows-DistributedCOM
28453,3,2026-06-19 01:15:34.699209+00:00,10016,Microsoft-Windows-DistributedCOM
28454,3,2026-06-19 01:15:34.753214+00:00,10016,Microsoft-Windows-DistributedCOM
28455,3,2026-06-19 01:15:36.681349+00:00,10016,Microsoft-Windows-DistributedCOM
28456,3,2026-06-19 01:15:36.716139+00:00,10016,Microsoft-Windows-DistributedCOM
28457,3,2026-06-19 01:15:36.788876+00:00,10016,Microsoft-Windows-DistributedCOM
28462,3,2026-06-19 03:24:53.005650+00:00,10016,Microsoft-Windows-DistributedCOM
28463,3,2026-06-19 03:24:53.039244+00:00,10016,Microsoft-Windows-DistributedCOM
28464,3,2026-06-19 03:24:53.100704+00:00,10016,Microsoft-Windows-DistributedCOM
28465,3,2026-06-19 03:24:54.644800+00:00,10016,Microsoft-Windows-DistributedCOM
28466,3,2026-06-19 03:24:54.677938+00:00,10016,Microsoft-Windows-DistributedCOM
28467,3,2026-06-19 03:24:54.728706+00:00,10016,Microsoft-Windows-DistributedCOM
28474,3,2026-06-19 06:15:53.208740+00:00,10016,Microsoft-Windows-DistributedCOM
28478,3,2026-06-19 07:24:13.225399+00:00,10016,Microsoft-Windows-DistributedCOM
28479,3,2026-06-19 07:24:13.260023+00:00,10016,Microsoft-Windows-DistributedCOM
28480,3,2026-06-19 07:24:13.353607+00:00,10016,Microsoft-Windows-DistributedCOM
28481,3,2026-06-19 07:24:14.814642+00:00,10016,Microsoft-Windows-DistributedCOM
28482,3,2026-06-19 07:24:14.847723+00:00,10016,Microsoft-Windows-DistributedCOM
28483,3,2026-06-19 07:24:14.899323+00:00,10016,Microsoft-Windows-DistributedCOM
28494,3,2026-06-19 15:26:17.494034+00:00,34,BTHUSB
28520,3,2026-06-19 15:26:29.299738+00:00,10016,Microsoft-Windows-DistributedCOM
28521,3,2026-06-19 15:26:29.353096+00:00,10016,Microsoft-Windows-DistributedCOM
28522,3,2026-06-19 15:26:29.379215+00:00,10016,Microsoft-Windows-DistributedCOM
28523,3,2026-06-19 15:26:31.895681+00:00,10016,Microsoft-Windows-DistributedCOM
28524,3,2026-06-19 15:26:32.885874+00:00,10016,Microsoft-Windows-DistributedCOM
28529,3,2026-06-19 15:58:21.007439+00:00,10016,Microsoft-Windows-DistributedCOM
28537,3,2026-06-19 16:37:16.459406+00:00,10016,Microsoft-Windows-DistributedCOM
28538,3,2026-06-19 16:37:16.505531+00:00,10016,Microsoft-Windows-DistributedCOM
28539,3,2026-06-19 16:37:16.534275+00:00,10016,Microsoft-Windows-DistributedCOM
28540,3,2026-06-19 16:37:18.849833+00:00,10016,Microsoft-Windows-DistributedCOM
28541,3,2026-06-19 16:37:19.591148+00:00,10016,Microsoft-Windows-DistributedCOM
28580,3,2026-06-19 17:39:54.160686+00:00,10016,Microsoft-Windows-DistributedCOM
28581,3,2026-06-19 17:39:54.190117+00:00,10016,Microsoft-Windows-DistributedCOM
28582,3,2026-06-19 17:39:54.298338+00:00,10016,Microsoft-Windows-DistributedCOM
28583,3,2026-06-19 17:39:56.081734+00:00,10016,Microsoft-Windows-DistributedCOM
28584,3,2026-06-19 17:39:56.114456+00:00,10016,Microsoft-Windows-DistributedCOM
28585,3,2026-06-19 17:39:56.170031+00:00,10016,Microsoft-Windows-DistributedCOM
28586,3,2026-06-19 18:30:00.901388+00:00,10016,Microsoft-Windows-DistributedCOM
28610,3,2026-06-20 02:46:12.731762+00:00,10016,Microsoft-Windows-DistributedCOM
28611,3,2026-06-20 02:46:12.760765+00:00,10016,Microsoft-Windows-DistributedCOM
28612,3,2026-06-20 02:46:12.834812+00:00,10016,Microsoft-Windows-DistributedCOM
28613,3,2026-06-20 02:46:16.145353+00:00,10016,Microsoft-Windows-DistributedCOM
28614,3,2026-06-20 02:46:16.176886+00:00,10016,Microsoft-Windows-DistributedCOM
28615,3,2026-06-20 02:46:16.229973+00:00,10016,Microsoft-Windows-DistributedCOM
28617,3,2026-06-20 02:52:21.694679+00:00,10016,Microsoft-Windows-DistributedCOM
28634,3,2026-06-20 03:52:01.780542+00:00,10016,Microsoft-Windows-DistributedCOM
28635,3,2026-06-20 03:57:13.846451+00:00,10016,Microsoft-Windows-DistributedCOM
28638,3,2026-06-20 06:47:56.851004+00:00,10016,Microsoft-Windows-DistributedCOM
28650,3,2026-06-20 08:33:50.134005+00:00,10016,Microsoft-Windows-DistributedCOM
28661,3,2026-06-20 14:24:17.777859+00:00,10016,Microsoft-Windows-DistributedCOM
28665,3,2026-06-20 14:57:45.374800+00:00,10016,Microsoft-Windows-DistributedCOM
28669,3,2026-06-20 16:04:54.531626+00:00,10016,Microsoft-Windows-DistributedCOM
28675,3,2026-06-20 16:06:08.718397+00:00,10016,Microsoft-Windows-DistributedCOM
28676,3,2026-06-20 16:06:08.753872+00:00,10016,Microsoft-Windows-DistributedCOM
28677,3,2026-06-20 16:06:08.789871+00:00,10016,Microsoft-Windows-DistributedCOM
28678,3,2026-06-20 16:06:11.232515+00:00,10016,Microsoft-Windows-DistributedCOM
28679,3,2026-06-20 16:06:12.062529+00:00,10016,Microsoft-Windows-DistributedCOM
28693,3,2026-06-20 19:04:40.882103+00:00,10016,Microsoft-Windows-DistributedCOM
28698,3,2026-06-20 20:06:58.144188+00:00,10016,Microsoft-Windows-DistributedCOM
28699,3,2026-06-20 20:06:58.187668+00:00,10016,Microsoft-Windows-DistributedCOM
28700,3,2026-06-20 20:06:58.241940+00:00,10016,Microsoft-Windows-DistributedCOM
28701,3,2026-06-20 20:07:00.329189+00:00,10016,Microsoft-Windows-DistributedCOM
28702,3,2026-06-20 20:07:00.364256+00:00,10016,Microsoft-Windows-DistributedCOM
28703,3,2026-06-20 20:07:00.428364+00:00,10016,Microsoft-Windows-DistributedCOM
28763,3,2026-06-21 16:52:51.527597+00:00,34,BTHUSB
28803,3,2026-06-21 16:53:15.956438+00:00,10016,Microsoft-Windows-DistributedCOM
28804,3,2026-06-21 16:53:15.990812+00:00,10016,Microsoft-Windows-DistributedCOM
28805,3,2026-06-21 16:53:16.037266+00:00,10016,Microsoft-Windows-DistributedCOM
28806,3,2026-06-21 16:53:17.476755+00:00,10016,Microsoft-Windows-DistributedCOM
28807,3,2026-06-21 16:53:17.511688+00:00,10016,Microsoft-Windows-DistributedCOM
28808,3,2026-06-21 16:53:17.562128+00:00,10016,Microsoft-Windows-DistributedCOM
28809,3,2026-06-21 16:53:21.153469+00:00,10016,Microsoft-Windows-DistributedCOM
28821,3,2026-06-21 16:55:02.697115+00:00,10016,Microsoft-Windows-DistributedCOM
28822,3,2026-06-21 16:55:02.827955+00:00,10016,Microsoft-Windows-DistributedCOM
28823,3,2026-06-21 16:55:02.885078+00:00,10016,Microsoft-Windows-DistributedCOM
28824,3,2026-06-21 16:55:04.957058+00:00,10016,Microsoft-Windows-DistributedCOM
28825,3,2026-06-21 16:55:05.145786+00:00,10016,Microsoft-Windows-DistributedCOM
28841,3,2026-06-21 17:09:37.385967+00:00,10016,Microsoft-Windows-DistributedCOM
28900,3,2026-06-22 00:37:11.167881+00:00,10016,Microsoft-Windows-DistributedCOM
28922,3,2026-06-22 05:08:45.724783+00:00,10016,Microsoft-Windows-DistributedCOM
28943,3,2026-06-22 16:42:10.524010+00:00,34,BTHUSB
29001,3,2026-06-22 16:53:45.557907+00:00,10016,Microsoft-Windows-DistributedCOM
29002,3,2026-06-22 16:53:45.626097+00:00,10016,Microsoft-Windows-DistributedCOM
29003,3,2026-06-22 16:53:45.670248+00:00,10016,Microsoft-Windows-DistributedCOM
29004,3,2026-06-22 16:53:47.962545+00:00,10016,Microsoft-Windows-DistributedCOM
29005,3,2026-06-22 16:53:48.970633+00:00,10016,Microsoft-Windows-DistributedCOM
29012,3,2026-06-22 17:08:47.437199+00:00,10016,Microsoft-Windows-DistributedCOM
29047,3,2026-06-22 17:39:49.019320+00:00,10016,Microsoft-Windows-DistributedCOM
29056,3,2026-06-22 20:38:20.782597+00:00,10016,Microsoft-Windows-DistributedCOM
29065,3,2026-06-22 23:25:06.489241+00:00,10016,Microsoft-Windows-DistributedCOM
29134,3,2026-06-23 02:57:39.230495+00:00,10016,Microsoft-Windows-DistributedCOM
29211,3,2026-06-23 15:33:14.502295+00:00,34,BTHUSB
29244,3,2026-06-23 15:34:00.869093+00:00,10016,Microsoft-Windows-DistributedCOM
29255,3,2026-06-23 16:41:02.291069+00:00,10016,Microsoft-Windows-DistributedCOM
29256,3,2026-06-23 16:41:02.371069+00:00,10016,Microsoft-Windows-DistributedCOM
29257,3,2026-06-23 16:41:02.403069+00:00,10016,Microsoft-Windows-DistributedCOM
29258,3,2026-06-23 16:41:04.832071+00:00,10016,Microsoft-Windows-DistributedCOM
29259,3,2026-06-23 16:41:05.563103+00:00,10016,Microsoft-Windows-DistributedCOM
29263,3,2026-06-23 16:45:42.107367+00:00,10016,Microsoft-Windows-DistributedCOM
29268,3,2026-06-23 17:27:57.837933+00:00,10016,Microsoft-Windows-DistributedCOM
29273,3,2026-06-23 18:31:59.058981+00:00,10016,Microsoft-Windows-DistributedCOM
29286,3,2026-06-23 19:09:31.800879+00:00,10016,Microsoft-Windows-DistributedCOM
29287,3,2026-06-23 19:09:31.829880+00:00,10016,Microsoft-Windows-DistributedCOM
29288,3,2026-06-23 19:09:31.892879+00:00,10016,Microsoft-Windows-DistributedCOM
29289,3,2026-06-23 19:09:33.263529+00:00,10016,Microsoft-Windows-DistributedCOM
29290,3,2026-06-23 19:09:33.293530+00:00,10016,Microsoft-Windows-DistributedCOM
29291,3,2026-06-23 19:09:33.340536+00:00,10016,Microsoft-Windows-DistributedCOM
29296,3,2026-06-23 20:13:57.238682+00:00,10016,Microsoft-Windows-DistributedCOM
29419,3,2026-06-24 04:55:12.663330+00:00,10016,Microsoft-Windows-DistributedCOM
29457,3,2026-06-24 15:14:37.881157+00:00,34,BTHUSB
29496,3,2026-06-24 15:14:40.133957+00:00,10016,Microsoft-Windows-DistributedCOM
29497,3,2026-06-24 15:14:40.136185+00:00,10016,Microsoft-Windows-DistributedCOM
29521,2,2026-06-24 15:14:47.275124+00:00,1040,Microsoft-Windows-TPM-WMI
29528,2,2026-06-24 15:15:17.576963+00:00,7009,Service Control Manager
29529,2,2026-06-24 15:15:17.576963+00:00,7000,Service Control Manager
29530,3,2026-06-24 15:15:40.172169+00:00,10016,Microsoft-Windows-DistributedCOM
29562,3,2026-06-24 15:15:50.520037+00:00,10016,Microsoft-Windows-DistributedCOM
29576,3,2026-06-24 15:18:38.224445+00:00,10016,Microsoft-Windows-DistributedCOM
29582,3,2026-06-24 15:26:42.885050+00:00,10016,Microsoft-Windows-DistributedCOM
29585,3,2026-06-24 15:26:50.026886+00:00,10016,Microsoft-Windows-DistributedCOM
29586,3,2026-06-24 15:26:50.071434+00:00,10016,Microsoft-Windows-DistributedCOM
29587,3,2026-06-24 15:26:50.110512+00:00,10016,Microsoft-Windows-DistributedCOM
29588,3,2026-06-24 15:26:52.194733+00:00,10016,Microsoft-Windows-DistributedCOM
29589,3,2026-06-24 15:30:01.937696+00:00,10016,Microsoft-Windows-DistributedCOM
29594,3,2026-06-24 17:09:23.045042+00:00,10016,Microsoft-Windows-DistributedCOM
29601,3,2026-06-24 17:39:34.022594+00:00,10016,Microsoft-Windows-DistributedCOM
29602,3,2026-06-24 17:39:34.097597+00:00,10016,Microsoft-Windows-DistributedCOM
29603,3,2026-06-24 17:39:34.144278+00:00,10016,Microsoft-Windows-DistributedCOM
29604,3,2026-06-24 17:39:36.337574+00:00,10016,Microsoft-Windows-DistributedCOM
29605,3,2026-06-24 17:39:37.121767+00:00,10016,Microsoft-Windows-DistributedCOM
29612,3,2026-06-24 19:11:51.873682+00:00,10016,Microsoft-Windows-DistributedCOM
29613,3,2026-06-24 19:11:51.911688+00:00,10016,Microsoft-Windows-DistributedCOM
29614,3,2026-06-24 19:11:51.980345+00:00,10016,Microsoft-Windows-DistributedCOM
29615,3,2026-06-24 19:12:03.054155+00:00,10016,Microsoft-Windows-DistributedCOM
29616,3,2026-06-24 19:12:03.084156+00:00,10016,Microsoft-Windows-DistributedCOM
29617,3,2026-06-24 19:12:03.144234+00:00,10016,Microsoft-Windows-DistributedCOM
29618,3,2026-06-24 19:18:32.034258+00:00,10016,Microsoft-Windows-DistributedCOM
29626,2,2026-06-24 19:19:04.811394+00:00,20,Microsoft-Windows-WindowsUpdateClient
29631,3,2026-06-24 23:17:05.892328+00:00,4266,Tcpip
29698,3,2026-06-25 05:11:18.403999+00:00,10016,Microsoft-Windows-DistributedCOM
29706,3,2026-06-25 06:54:49.662560+00:00,10016,Microsoft-Windows-DistributedCOM
29740,3,2026-06-25 17:41:04.605322+00:00,10016,Microsoft-Windows-DistributedCOM
29746,3,2026-06-25 19:56:12.606314+00:00,10016,Microsoft-Windows-DistributedCOM
29753,2,2026-06-25 19:56:31.261700+00:00,20,Microsoft-Windows-WindowsUpdateClient
29756,2,2026-06-25 19:56:39.220463+00:00,20,Microsoft-Windows-WindowsUpdateClient
29769,2,2026-06-25 19:56:47.943861+00:00,20,Microsoft-Windows-WindowsUpdateClient
29770,3,2026-06-25 20:21:12.981182+00:00,10016,Microsoft-Windows-DistributedCOM
29780,3,2026-06-26 00:46:23.683607+00:00,10016,Microsoft-Windows-DistributedCOM
29781,3,2026-06-26 00:46:23.712608+00:00,10016,Microsoft-Windows-DistributedCOM
29782,3,2026-06-26 00:46:23.779612+00:00,10016,Microsoft-Windows-DistributedCOM
29861,3,2026-06-26 05:01:20.004551+00:00,10016,Microsoft-Windows-DistributedCOM
29869,3,2026-06-26 06:21:38.521095+00:00,10016,Microsoft-Windows-DistributedCOM
29879,3,2026-06-26 08:33:51.386896+00:00,10016,Microsoft-Windows-DistributedCOM
29895,2,2026-06-26 15:15:19.298019+00:00,16398,Microsoft-Windows-Bits-Client
29896,2,2026-06-26 15:15:29.310230+00:00,16398,Microsoft-Windows-Bits-Client
29897,2,2026-06-26 15:15:39.319611+00:00,16398,Microsoft-Windows-Bits-Client
29898,2,2026-06-26 15:15:49.320869+00:00,16398,Microsoft-Windows-Bits-Client
29901,3,2026-06-26 16:06:15.949640+00:00,10016,Microsoft-Windows-DistributedCOM
29902,3,2026-06-26 16:06:15.990364+00:00,10016,Microsoft-Windows-DistributedCOM
29903,3,2026-06-26 16:06:16.032558+00:00,10016,Microsoft-Windows-DistributedCOM
29904,3,2026-06-26 16:06:18.058842+00:00,10016,Microsoft-Windows-DistributedCOM
29905,3,2026-06-26 16:06:18.660172+00:00,10016,Microsoft-Windows-DistributedCOM
29907,2,2026-06-26 16:56:28.563839+00:00,16398,Microsoft-Windows-Bits-Client
29908,2,2026-06-26 16:56:38.570522+00:00,16398,Microsoft-Windows-Bits-Client
29909,2,2026-06-26 16:56:48.571909+00:00,16398,Microsoft-Windows-Bits-Client
29910,2,2026-06-26 16:56:58.576973+00:00,16398,Microsoft-Windows-Bits-Client
29913,2,2026-06-26 17:17:09.565674+00:00,16398,Microsoft-Windows-Bits-Client
29914,2,2026-06-26 17:17:09.605312+00:00,16398,Microsoft-Windows-Bits-Client
29915,2,2026-06-26 17:17:09.644855+00:00,16398,Microsoft-Windows-Bits-Client
29916,2,2026-06-26 17:17:09.683750+00:00,16398,Microsoft-Windows-Bits-Client
29927,3,2026-06-26 18:35:41.907364+00:00,10016,Microsoft-Windows-DistributedCOM
29982,2,2026-06-26 19:17:25.375555+00:00,16398,Microsoft-Windows-Bits-Client
29983,2,2026-06-26 19:17:30.060007+00:00,16398,Microsoft-Windows-Bits-Client
29984,2,2026-06-26 19:17:34.655058+00:00,16398,Microsoft-Windows-Bits-Client
29985,2,2026-06-26 19:17:39.551918+00:00,16398,Microsoft-Windows-Bits-Client
29986,2,2026-06-26 19:17:44.917389+00:00,16398,Microsoft-Windows-Bits-Client
29987,2,2026-06-26 19:17:50.319813+00:00,16398,Microsoft-Windows-Bits-Client
29988,2,2026-06-26 19:17:56.481529+00:00,16398,Microsoft-Windows-Bits-Client
29989,2,2026-06-26 19:18:02.795250+00:00,16398,Microsoft-Windows-Bits-Client
29992,2,2026-06-26 19:47:11.306973+00:00,16398,Microsoft-Windows-Bits-Client
29995,2,2026-06-26 20:32:45.597622+00:00,16398,Microsoft-Windows-Bits-Client
29997,3,2026-06-26 20:35:17.723890+00:00,10016,Microsoft-Windows-DistributedCOM
30002,2,2026-06-26 20:35:24.623857+00:00,20,Microsoft-Windows-WindowsUpdateClient
30021,2,2026-06-26 22:17:12.787910+00:00,16398,Microsoft-Windows-Bits-Client
30022,2,2026-06-26 22:17:12.833706+00:00,16398,Microsoft-Windows-Bits-Client
30023,2,2026-06-26 22:17:12.878853+00:00,16398,Microsoft-Windows-Bits-Client
30024,2,2026-06-26 22:17:12.924515+00:00,16398,Microsoft-Windows-Bits-Client
30025,2,2026-06-26 22:17:18.017117+00:00,16398,Microsoft-Windows-Bits-Client
30026,2,2026-06-26 22:17:18.061449+00:00,16398,Microsoft-Windows-Bits-Client
30027,2,2026-06-26 22:17:18.106562+00:00,16398,Microsoft-Windows-Bits-Client
30028,2,2026-06-26 22:17:18.151346+00:00,16398,Microsoft-Windows-Bits-Client
30030,3,2026-06-26 22:54:21.322317+00:00,10016,Microsoft-Windows-DistributedCOM
30031,3,2026-06-26 22:54:21.351683+00:00,10016,Microsoft-Windows-DistributedCOM
30032,3,2026-06-26 22:54:21.415991+00:00,10016,Microsoft-Windows-DistributedCOM
30038,2,2026-06-27 02:47:11.704161+00:00,16398,Microsoft-Windows-Bits-Client
30041,2,2026-06-27 03:32:45.429234+00:00,16398,Microsoft-Windows-Bits-Client
30043,3,2026-06-27 05:01:26.357586+00:00,10016,Microsoft-Windows-DistributedCOM
30047,3,2026-06-27 07:33:07.572834+00:00,10016,Microsoft-Windows-DistributedCOM
30052,2,2026-06-27 08:07:40.228117+00:00,16398,Microsoft-Windows-Bits-Client
30053,2,2026-06-27 08:07:50.237396+00:00,16398,Microsoft-Windows-Bits-Client
30054,2,2026-06-27 08:08:00.247652+00:00,16398,Microsoft-Windows-Bits-Client
30055,2,2026-06-27 08:08:10.257690+00:00,16398,Microsoft-Windows-Bits-Client
30056,2,2026-06-27 08:08:20.702284+00:00,16398,Microsoft-Windows-Bits-Client
30057,2,2026-06-27 08:08:30.707420+00:00,16398,Microsoft-Windows-Bits-Client
30058,2,2026-06-27 08:08:40.716312+00:00,16398,Microsoft-Windows-Bits-Client
30059,2,2026-06-27 08:08:50.722719+00:00,16398,Microsoft-Windows-Bits-Client
30060,2,2026-06-27 08:09:06.180794+00:00,16398,Microsoft-Windows-Bits-Client
30061,2,2026-06-27 08:09:16.194559+00:00,16398,Microsoft-Windows-Bits-Client
30062,2,2026-06-27 08:09:26.200586+00:00,16398,Microsoft-Windows-Bits-Client
30063,2,2026-06-27 08:09:36.202515+00:00,16398,Microsoft-Windows-Bits-Client
30066,2,2026-06-27 08:17:11.910799+00:00,16398,Microsoft-Windows-Bits-Client
30067,2,2026-06-27 08:17:11.950684+00:00,16398,Microsoft-Windows-Bits-Client
30068,2,2026-06-27 08:17:11.990324+00:00,16398,Microsoft-Windows-Bits-Client
30069,2,2026-06-27 08:17:12.029852+00:00,16398,Microsoft-Windows-Bits-Client
30073,3,2026-06-27 08:33:50.387859+00:00,10016,Microsoft-Windows-DistributedCOM
30077,2,2026-06-27 09:23:52.125771+00:00,16398,Microsoft-Windows-Bits-Client
30078,2,2026-06-27 09:24:02.129282+00:00,16398,Microsoft-Windows-Bits-Client
30079,2,2026-06-27 09:24:12.138803+00:00,16398,Microsoft-Windows-Bits-Client
30080,2,2026-06-27 09:24:22.140879+00:00,16398,Microsoft-Windows-Bits-Client
30085,2,2026-06-27 09:47:11.294226+00:00,16398,Microsoft-Windows-Bits-Client
30090,2,2026-06-27 10:16:36.726496+00:00,16398,Microsoft-Windows-Bits-Client
30093,2,2026-06-27 10:32:46.529928+00:00,16398,Microsoft-Windows-Bits-Client
30098,2,2026-06-27 15:16:03.777420+00:00,16398,Microsoft-Windows-Bits-Client
30099,2,2026-06-27 15:16:13.780443+00:00,16398,Microsoft-Windows-Bits-Client
30100,2,2026-06-27 15:16:23.789124+00:00,16398,Microsoft-Windows-Bits-Client
30101,2,2026-06-27 15:16:33.796221+00:00,16398,Microsoft-Windows-Bits-Client
30105,3,2026-06-27 16:06:18.809183+00:00,10016,Microsoft-Windows-DistributedCOM
30106,3,2026-06-27 16:06:18.847036+00:00,10016,Microsoft-Windows-DistributedCOM
30107,3,2026-06-27 16:06:18.902042+00:00,10016,Microsoft-Windows-DistributedCOM
30108,3,2026-06-27 16:06:21.257240+00:00,10016,Microsoft-Windows-DistributedCOM
30109,3,2026-06-27 16:06:21.831251+00:00,10016,Microsoft-Windows-DistributedCOM
30111,2,2026-06-27 16:47:11.941710+00:00,16398,Microsoft-Windows-Bits-Client
30114,2,2026-06-27 16:57:13.058409+00:00,16398,Microsoft-Windows-Bits-Client
30115,2,2026-06-27 16:57:23.066532+00:00,16398,Microsoft-Windows-Bits-Client
30116,2,2026-06-27 16:57:33.075176+00:00,16398,Microsoft-Windows-Bits-Client
30117,2,2026-06-27 16:57:43.076630+00:00,16398,Microsoft-Windows-Bits-Client
30120,2,2026-06-27 17:32:45.977215+00:00,16398,Microsoft-Windows-Bits-Client
30134,2,2026-06-27 20:59:48.891771+00:00,16398,Microsoft-Windows-Bits-Client
30135,2,2026-06-27 20:59:58.898134+00:00,16398,Microsoft-Windows-Bits-Client
30136,2,2026-06-27 21:00:08.907965+00:00,16398,Microsoft-Windows-Bits-Client
30137,2,2026-06-27 21:00:18.909744+00:00,16398,Microsoft-Windows-Bits-Client
30138,2,2026-06-27 21:00:35.194496+00:00,16398,Microsoft-Windows-Bits-Client
30139,2,2026-06-27 21:00:45.200348+00:00,16398,Microsoft-Windows-Bits-Client
30140,2,2026-06-27 21:00:55.212894+00:00,16398,Microsoft-Windows-Bits-Client
30141,2,2026-06-27 21:01:05.226011+00:00,16398,Microsoft-Windows-Bits-Client
30142,2,2026-06-27 21:01:15.795090+00:00,16398,Microsoft-Windows-Bits-Client
30143,2,2026-06-27 21:01:18.800350+00:00,16398,Microsoft-Windows-Bits-Client
30144,2,2026-06-27 21:01:21.805674+00:00,16398,Microsoft-Windows-Bits-Client
30145,2,2026-06-27 21:01:24.815041+00:00,16398,Microsoft-Windows-Bits-Client
30146,2,2026-06-27 21:01:40.139135+00:00,16398,Microsoft-Windows-Bits-Client
30147,2,2026-06-27 21:01:45.894224+00:00,16398,Microsoft-Windows-Bits-Client
30148,2,2026-06-27 21:01:50.145403+00:00,16398,Microsoft-Windows-Bits-Client
30149,2,2026-06-27 21:01:55.897312+00:00,16398,Microsoft-Windows-Bits-Client
30150,2,2026-06-27 21:02:00.146294+00:00,16398,Microsoft-Windows-Bits-Client
30151,2,2026-06-27 21:02:05.898476+00:00,16398,Microsoft-Windows-Bits-Client
30152,2,2026-06-27 21:02:10.156950+00:00,16398,Microsoft-Windows-Bits-Client
30153,2,2026-06-27 21:02:15.908281+00:00,16398,Microsoft-Windows-Bits-Client
30155,3,2026-06-27 21:46:50.850729+00:00,10016,Microsoft-Windows-DistributedCOM
30162,2,2026-06-27 21:47:28.167625+00:00,20,Microsoft-Windows-WindowsUpdateClient
30168,2,2026-06-27 22:01:44.389490+00:00,16398,Microsoft-Windows-Bits-Client
30169,2,2026-06-27 22:01:54.397631+00:00,16398,Microsoft-Windows-Bits-Client
30170,2,2026-06-27 22:02:04.407312+00:00,16398,Microsoft-Windows-Bits-Client
30171,2,2026-06-27 22:02:14.419291+00:00,16398,Microsoft-Windows-Bits-Client
30176,2,2026-06-27 23:17:14.352755+00:00,16398,Microsoft-Windows-Bits-Client
30177,2,2026-06-27 23:17:14.398975+00:00,16398,Microsoft-Windows-Bits-Client
30178,2,2026-06-27 23:17:14.444958+00:00,16398,Microsoft-Windows-Bits-Client
30179,2,2026-06-27 23:17:14.490774+00:00,16398,Microsoft-Windows-Bits-Client
30182,2,2026-06-27 23:47:11.945257+00:00,16398,Microsoft-Windows-Bits-Client
30184,3,2026-06-27 23:57:10.691559+00:00,10016,Microsoft-Windows-DistributedCOM
30189,2,2026-06-28 00:32:45.420467+00:00,16398,Microsoft-Windows-Bits-Client
30194,2,2026-06-28 03:46:13.064816+00:00,16398,Microsoft-Windows-Bits-Client
30195,2,2026-06-28 03:46:13.115082+00:00,16398,Microsoft-Windows-Bits-Client
30196,2,2026-06-28 03:46:13.161173+00:00,16398,Microsoft-Windows-Bits-Client
30197,2,2026-06-28 03:46:13.207781+00:00,16398,Microsoft-Windows-Bits-Client
30198,2,2026-06-28 03:46:13.950321+00:00,16398,Microsoft-Windows-Bits-Client
30199,2,2026-06-28 03:46:13.994522+00:00,16398,Microsoft-Windows-Bits-Client
30200,2,2026-06-28 03:46:14.041403+00:00,16398,Microsoft-Windows-Bits-Client
30201,2,2026-06-28 03:46:14.087803+00:00,16398,Microsoft-Windows-Bits-Client
30202,2,2026-06-28 03:46:15.219309+00:00,16398,Microsoft-Windows-Bits-Client
30203,2,2026-06-28 03:46:15.284109+00:00,16398,Microsoft-Windows-Bits-Client
30204,2,2026-06-28 03:46:15.343231+00:00,16398,Microsoft-Windows-Bits-Client
30205,2,2026-06-28 03:46:15.407379+00:00,16398,Microsoft-Windows-Bits-Client
30207,3,2026-06-28 05:01:46.339424+00:00,10016,Microsoft-Windows-DistributedCOM
30212,2,2026-06-28 06:47:12.010197+00:00,16398,Microsoft-Windows-Bits-Client
30215,2,2026-06-28 07:32:45.604153+00:00,16398,Microsoft-Windows-Bits-Client
30220,3,2026-06-28 08:33:52.477165+00:00,10016,Microsoft-Windows-DistributedCOM
30248,3,2026-06-28 09:57:51.367344+00:00,10016,Microsoft-Windows-DistributedCOM
30249,3,2026-06-28 10:22:53.210278+00:00,10016,Microsoft-Windows-DistributedCOM
30254,2,2026-06-28 10:26:44.841843+00:00,16398,Microsoft-Windows-Bits-Client
30255,2,2026-06-28 10:26:45.274426+00:00,16398,Microsoft-Windows-Bits-Client
30256,2,2026-06-28 10:26:45.497066+00:00,16398,Microsoft-Windows-Bits-Client
30261,2,2026-06-28 13:47:11.487736+00:00,16398,Microsoft-Windows-Bits-Client
30264,2,2026-06-28 13:56:44.832554+00:00,16398,Microsoft-Windows-Bits-Client
30265,2,2026-06-28 13:56:45.156935+00:00,16398,Microsoft-Windows-Bits-Client
30266,2,2026-06-28 13:56:45.689209+00:00,16398,Microsoft-Windows-Bits-Client
30269,2,2026-06-28 14:17:14.356985+00:00,16398,Microsoft-Windows-Bits-Client
30270,2,2026-06-28 14:17:14.397568+00:00,16398,Microsoft-Windows-Bits-Client
30271,2,2026-06-28 14:17:14.437111+00:00,16398,Microsoft-Windows-Bits-Client
30272,2,2026-06-28 14:17:14.476299+00:00,16398,Microsoft-Windows-Bits-Client
30275,2,2026-06-28 14:32:46.500841+00:00,16398,Microsoft-Windows-Bits-Client
30282,3,2026-06-28 16:48:51.384386+00:00,10016,Microsoft-Windows-DistributedCOM
30284,2,2026-06-28 16:57:58.138248+00:00,16398,Microsoft-Windows-Bits-Client
30285,2,2026-06-28 16:58:08.149374+00:00,16398,Microsoft-Windows-Bits-Client
30286,2,2026-06-28 16:58:18.157433+00:00,16398,Microsoft-Windows-Bits-Client
30287,2,2026-06-28 16:58:28.161337+00:00,16398,Microsoft-Windows-Bits-Client
30300,3,2026-06-28 18:55:54.209934+00:00,4266,Tcpip
30305,2,2026-06-28 20:47:12.660362+00:00,16398,Microsoft-Windows-Bits-Client
30308,2,2026-06-28 21:02:24.988455+00:00,16398,Microsoft-Windows-Bits-Client
30309,2,2026-06-28 21:02:26.256090+00:00,16398,Microsoft-Windows-Bits-Client
30310,2,2026-06-28 21:02:35.003374+00:00,16398,Microsoft-Windows-Bits-Client
30311,2,2026-06-28 21:02:36.266150+00:00,16398,Microsoft-Windows-Bits-Client
30312,2,2026-06-28 21:02:45.005558+00:00,16398,Microsoft-Windows-Bits-Client
30313,2,2026-06-28 21:02:46.269600+00:00,16398,Microsoft-Windows-Bits-Client
30314,2,2026-06-28 21:02:55.011023+00:00,16398,Microsoft-Windows-Bits-Client
30315,2,2026-06-28 21:02:56.280384+00:00,16398,Microsoft-Windows-Bits-Client
30318,2,2026-06-28 21:32:46.083004+00:00,16398,Microsoft-Windows-Bits-Client
30321,2,2026-06-28 22:01:44.399027+00:00,16398,Microsoft-Windows-Bits-Client
30322,2,2026-06-28 22:01:54.406481+00:00,16398,Microsoft-Windows-Bits-Client
30323,2,2026-06-28 22:02:04.421635+00:00,16398,Microsoft-Windows-Bits-Client
30324,2,2026-06-28 22:02:14.431072+00:00,16398,Microsoft-Windows-Bits-Client
30326,3,2026-06-28 22:39:19.454668+00:00,10016,Microsoft-Windows-DistributedCOM
30331,2,2026-06-29 00:17:17.912621+00:00,16398,Microsoft-Windows-Bits-Client
30332,2,2026-06-29 00:17:17.955282+00:00,16398,Microsoft-Windows-Bits-Client
30333,2,2026-06-29 00:17:17.997561+00:00,16398,Microsoft-Windows-Bits-Client
30334,2,2026-06-29 00:17:18.039242+00:00,16398,Microsoft-Windows-Bits-Client
30339,2,2026-06-29 00:51:36.282867+00:00,16398,Microsoft-Windows-Bits-Client
30340,2,2026-06-29 00:51:46.291605+00:00,16398,Microsoft-Windows-Bits-Client
30341,2,2026-06-29 00:51:56.306494+00:00,16398,Microsoft-Windows-Bits-Client
30342,2,2026-06-29 00:52:06.308899+00:00,16398,Microsoft-Windows-Bits-Client
30343,2,2026-06-29 00:52:17.390217+00:00,16398,Microsoft-Windows-Bits-Client
30344,2,2026-06-29 00:52:27.403000+00:00,16398,Microsoft-Windows-Bits-Client
30345,2,2026-06-29 00:52:37.416479+00:00,16398,Microsoft-Windows-Bits-Client
30346,2,2026-06-29 00:52:47.418663+00:00,16398,Microsoft-Windows-Bits-Client
30347,2,2026-06-29 00:53:03.889681+00:00,16398,Microsoft-Windows-Bits-Client
30348,2,2026-06-29 00:53:13.896648+00:00,16398,Microsoft-Windows-Bits-Client
30349,2,2026-06-29 00:53:23.909891+00:00,16398,Microsoft-Windows-Bits-Client
30350,2,2026-06-29 00:53:33.926073+00:00,16398,Microsoft-Windows-Bits-Client
30353,2,2026-06-29 03:47:12.246880+00:00,16398,Microsoft-Windows-Bits-Client
30356,2,2026-06-29 04:32:45.447945+00:00,16398,Microsoft-Windows-Bits-Client
30360,3,2026-06-29 05:01:23.883186+00:00,10016,Microsoft-Windows-DistributedCOM
30364,3,2026-06-29 05:11:26.513607+00:00,10016,Microsoft-Windows-DistributedCOM
30369,2,2026-06-29 05:11:43.959797+00:00,20,Microsoft-Windows-WindowsUpdateClient
30372,3,2026-06-29 08:33:50.195560+00:00,10016,Microsoft-Windows-DistributedCOM
30380,2,2026-06-29 10:17:17.181707+00:00,16398,Microsoft-Windows-Bits-Client
30381,2,2026-06-29 10:17:17.221287+00:00,16398,Microsoft-Windows-Bits-Client
30382,2,2026-06-29 10:17:17.262102+00:00,16398,Microsoft-Windows-Bits-Client
30383,2,2026-06-29 10:17:17.305918+00:00,16398,Microsoft-Windows-Bits-Client
30386,2,2026-06-29 10:47:12.307711+00:00,16398,Microsoft-Windows-Bits-Client
30388,3,2026-06-29 11:11:40.186800+00:00,10016,Microsoft-Windows-DistributedCOM
30393,2,2026-06-29 11:32:45.971436+00:00,16398,Microsoft-Windows-Bits-Client
30405,2,2026-06-29 16:58:42.766075+00:00,16398,Microsoft-Windows-Bits-Client
30406,2,2026-06-29 16:58:52.773434+00:00,16398,Microsoft-Windows-Bits-Client
30407,2,2026-06-29 16:59:02.780365+00:00,16398,Microsoft-Windows-Bits-Client
30408,2,2026-06-29 16:59:12.790016+00:00,16398,Microsoft-Windows-Bits-Client
30420,2,2026-06-29 17:47:11.940817+00:00,16398,Microsoft-Windows-Bits-Client
30423,2,2026-06-29 18:32:46.018480+00:00,16398,Microsoft-Windows-Bits-Client
30428,2,2026-06-29 20:17:19.002129+00:00,16398,Microsoft-Windows-Bits-Client
30429,2,2026-06-29 20:17:19.041851+00:00,16398,Microsoft-Windows-Bits-Client
30430,2,2026-06-29 20:17:19.081371+00:00,16398,Microsoft-Windows-Bits-Client
30431,2,2026-06-29 20:17:19.120255+00:00,16398,Microsoft-Windows-Bits-Client
30432,2,2026-06-29 20:17:19.632515+00:00,16398,Microsoft-Windows-Bits-Client
30433,2,2026-06-29 20:17:19.671371+00:00,16398,Microsoft-Windows-Bits-Client
30434,2,2026-06-29 20:17:19.710304+00:00,16398,Microsoft-Windows-Bits-Client
30435,2,2026-06-29 20:17:19.748678+00:00,16398,Microsoft-Windows-Bits-Client
30436,2,2026-06-29 20:17:20.154411+00:00,16398,Microsoft-Windows-Bits-Client
30437,2,2026-06-29 20:17:20.193216+00:00,16398,Microsoft-Windows-Bits-Client
30438,2,2026-06-29 20:17:20.231998+00:00,16398,Microsoft-Windows-Bits-Client
30439,2,2026-06-29 20:17:20.270340+00:00,16398,Microsoft-Windows-Bits-Client
30440,2,2026-06-29 20:17:20.789217+00:00,16398,Microsoft-Windows-Bits-Client
30441,2,2026-06-29 20:17:20.827917+00:00,16398,Microsoft-Windows-Bits-Client
30442,2,2026-06-29 20:17:20.866909+00:00,16398,Microsoft-Windows-Bits-Client
30443,2,2026-06-29 20:17:20.905352+00:00,16398,Microsoft-Windows-Bits-Client
30445,3,2026-06-29 20:19:53.476309+00:00,10016,Microsoft-Windows-DistributedCOM
30446,3,2026-06-29 20:19:53.502390+00:00,10016,Microsoft-Windows-DistributedCOM
30447,3,2026-06-29 20:19:53.549393+00:00,10016,Microsoft-Windows-DistributedCOM
30448,3,2026-06-29 20:19:55.888655+00:00,10016,Microsoft-Windows-DistributedCOM
30449,3,2026-06-29 20:19:55.922655+00:00,10016,Microsoft-Windows-DistributedCOM
30450,3,2026-06-29 20:19:55.972712+00:00,10016,Microsoft-Windows-DistributedCOM
30452,2,2026-06-29 20:20:30.082348+00:00,16398,Microsoft-Windows-Bits-Client
30458,2,2026-06-29 21:03:09.552259+00:00,16398,Microsoft-Windows-Bits-Client
30459,2,2026-06-29 21:03:19.561438+00:00,16398,Microsoft-Windows-Bits-Client
30460,2,2026-06-29 21:03:29.572117+00:00,16398,Microsoft-Windows-Bits-Client
30461,2,2026-06-29 21:03:39.586365+00:00,16398,Microsoft-Windows-Bits-Client
30464,2,2026-06-29 22:01:44.280109+00:00,16398,Microsoft-Windows-Bits-Client
30465,2,2026-06-29 22:01:54.281382+00:00,16398,Microsoft-Windows-Bits-Client
30466,2,2026-06-29 22:02:04.290960+00:00,16398,Microsoft-Windows-Bits-Client
30467,2,2026-06-29 22:02:14.295343+00:00,16398,Microsoft-Windows-Bits-Client
30469,3,2026-06-29 22:55:18.428055+00:00,10016,Microsoft-Windows-DistributedCOM
30475,2,2026-06-29 22:55:23.963686+00:00,20,Microsoft-Windows-WindowsUpdateClient
30487,2,2026-06-29 23:30:57.302134+00:00,16398,Microsoft-Windows-Bits-Client
30488,2,2026-06-29 23:31:07.303232+00:00,16398,Microsoft-Windows-Bits-Client
30489,2,2026-06-29 23:31:17.309000+00:00,16398,Microsoft-Windows-Bits-Client
30490,2,2026-06-29 23:31:27.318386+00:00,16398,Microsoft-Windows-Bits-Client
30491,2,2026-06-29 23:31:37.864443+00:00,16398,Microsoft-Windows-Bits-Client
30492,2,2026-06-29 23:31:47.873402+00:00,16398,Microsoft-Windows-Bits-Client
30493,2,2026-06-29 23:31:57.881184+00:00,16398,Microsoft-Windows-Bits-Client
30494,2,2026-06-29 23:32:07.889954+00:00,16398,Microsoft-Windows-Bits-Client
30495,2,2026-06-29 23:32:24.018251+00:00,16398,Microsoft-Windows-Bits-Client
30496,2,2026-06-29 23:32:34.029631+00:00,16398,Microsoft-Windows-Bits-Client
30497,2,2026-06-29 23:32:44.041534+00:00,16398,Microsoft-Windows-Bits-Client
30498,2,2026-06-29 23:32:54.054592+00:00,16398,Microsoft-Windows-Bits-Client
30502,3,2026-06-30 04:01:05.738262+00:00,10016,Microsoft-Windows-DistributedCOM
30510,3,2026-06-30 07:00:24.227995+00:00,10016,Microsoft-Windows-DistributedCOM
30516,2,2026-06-30 08:17:24.228170+00:00,16398,Microsoft-Windows-Bits-Client
30517,2,2026-06-30 08:17:24.268097+00:00,16398,Microsoft-Windows-Bits-Client
30518,2,2026-06-30 08:17:24.307634+00:00,16398,Microsoft-Windows-Bits-Client
30519,2,2026-06-30 08:17:24.346613+00:00,16398,Microsoft-Windows-Bits-Client
30521,3,2026-06-30 09:51:39.095272+00:00,4266,Tcpip
30522,3,2026-06-30 14:57:09.623768+00:00,10016,Microsoft-Windows-DistributedCOM
30536,3,2026-06-30 16:09:15.769266+00:00,10016,Microsoft-Windows-DistributedCOM
30541,2,2026-06-30 16:59:27.905306+00:00,16398,Microsoft-Windows-Bits-Client
30542,2,2026-06-30 16:59:37.920424+00:00,16398,Microsoft-Windows-Bits-Client
30543,2,2026-06-30 16:59:47.928082+00:00,16398,Microsoft-Windows-Bits-Client
30544,2,2026-06-30 16:59:57.936380+00:00,16398,Microsoft-Windows-Bits-Client
30557,2,2026-06-30 21:03:54.625975+00:00,16398,Microsoft-Windows-Bits-Client
30558,2,2026-06-30 21:04:04.633232+00:00,16398,Microsoft-Windows-Bits-Client
30559,2,2026-06-30 21:04:14.640226+00:00,16398,Microsoft-Windows-Bits-Client
30560,2,2026-06-30 21:04:24.652346+00:00,16398,Microsoft-Windows-Bits-Client
30563,2,2026-06-30 22:01:44.349478+00:00,16398,Microsoft-Windows-Bits-Client
30564,2,2026-06-30 22:01:54.363827+00:00,16398,Microsoft-Windows-Bits-Client
30565,2,2026-06-30 22:02:04.373821+00:00,16398,Microsoft-Windows-Bits-Client
30566,2,2026-06-30 22:02:14.378733+00:00,16398,Microsoft-Windows-Bits-Client
30569,3,2026-06-30 23:00:03.093828+00:00,10016,Microsoft-Windows-DistributedCOM
30585,2,2026-06-30 23:01:04.585402+00:00,20,Microsoft-Windows-WindowsUpdateClient
30610,2,2026-06-30 23:33:08.658665+00:00,16398,Microsoft-Windows-Bits-Client
30611,2,2026-06-30 23:33:18.665001+00:00,16398,Microsoft-Windows-Bits-Client
30612,2,2026-06-30 23:33:28.680580+00:00,16398,Microsoft-Windows-Bits-Client
30613,2,2026-06-30 23:33:38.687664+00:00,16398,Microsoft-Windows-Bits-Client
30616,2,2026-06-30 23:47:43.155624+00:00,16398,Microsoft-Windows-Bits-Client
30617,2,2026-06-30 23:47:53.167170+00:00,16398,Microsoft-Windows-Bits-Client
30618,2,2026-06-30 23:48:03.173809+00:00,16398,Microsoft-Windows-Bits-Client
30619,2,2026-06-30 23:48:13.184063+00:00,16398,Microsoft-Windows-Bits-Client
30620,2,2026-06-30 23:48:23.904039+00:00,16398,Microsoft-Windows-Bits-Client
30621,2,2026-06-30 23:48:33.917042+00:00,16398,Microsoft-Windows-Bits-Client
30622,2,2026-06-30 23:48:43.932199+00:00,16398,Microsoft-Windows-Bits-Client
30623,2,2026-06-30 23:48:53.941248+00:00,16398,Microsoft-Windows-Bits-Client
30624,2,2026-06-30 23:49:09.905231+00:00,16398,Microsoft-Windows-Bits-Client
30625,2,2026-06-30 23:49:19.912048+00:00,16398,Microsoft-Windows-Bits-Client
30626,2,2026-06-30 23:49:29.927179+00:00,16398,Microsoft-Windows-Bits-Client
30627,2,2026-06-30 23:49:39.938702+00:00,16398,Microsoft-Windows-Bits-Client
30633,3,2026-07-01 04:16:05.703989+00:00,10016,Microsoft-Windows-DistributedCOM
30638,2,2026-07-01 04:17:26.306303+00:00,16398,Microsoft-Windows-Bits-Client
30639,2,2026-07-01 04:17:26.351044+00:00,16398,Microsoft-Windows-Bits-Client
30640,2,2026-07-01 04:17:26.396397+00:00,16398,Microsoft-Windows-Bits-Client
30641,2,2026-07-01 04:17:26.440779+00:00,16398,Microsoft-Windows-Bits-Client
30657,3,2026-07-01 14:16:24.537775+00:00,34,BTHUSB
30697,2,2026-07-01 14:16:32.656309+00:00,16398,Microsoft-Windows-Bits-Client
30698,2,2026-07-01 14:16:34.880621+00:00,16398,Microsoft-Windows-Bits-Client
30699,2,2026-07-01 14:16:35.199026+00:00,16398,Microsoft-Windows-Bits-Client
30700,2,2026-07-01 14:17:30.254112+00:00,16398,Microsoft-Windows-Bits-Client
30715,3,2026-07-01 15:00:59.119867+00:00,10016,Microsoft-Windows-DistributedCOM
30734,2,2026-07-01 16:14:19.311546+00:00,10010,Microsoft-Windows-DistributedCOM
30735,3,2026-07-01 16:39:12.999666+00:00,10016,Microsoft-Windows-DistributedCOM
30740,2,2026-07-01 17:00:12.493681+00:00,16398,Microsoft-Windows-Bits-Client
30741,2,2026-07-01 17:00:22.503115+00:00,16398,Microsoft-Windows-Bits-Client
30742,2,2026-07-01 17:00:32.513590+00:00,16398,Microsoft-Windows-Bits-Client
30743,2,2026-07-01 17:00:42.522219+00:00,16398,Microsoft-Windows-Bits-Client
30748,2,2026-07-01 18:25:25.922979+00:00,16398,Microsoft-Windows-Bits-Client
30751,2,2026-07-01 19:16:30.852669+00:00,16398,Microsoft-Windows-Bits-Client
30752,2,2026-07-01 19:16:30.891932+00:00,16398,Microsoft-Windows-Bits-Client
30753,2,2026-07-01 19:16:30.930752+00:00,16398,Microsoft-Windows-Bits-Client
30754,2,2026-07-01 19:16:30.969368+00:00,16398,Microsoft-Windows-Bits-Client
30755,2,2026-07-01 19:16:32.705879+00:00,16398,Microsoft-Windows-Bits-Client
30756,2,2026-07-01 19:16:32.743969+00:00,16398,Microsoft-Windows-Bits-Client
30757,2,2026-07-01 19:16:32.782698+00:00,16398,Microsoft-Windows-Bits-Client
30758,2,2026-07-01 19:16:32.820999+00:00,16398,Microsoft-Windows-Bits-Client
30765,2,2026-07-01 21:04:39.151623+00:00,16398,Microsoft-Windows-Bits-Client
30766,2,2026-07-01 21:04:49.154501+00:00,16398,Microsoft-Windows-Bits-Client
30767,2,2026-07-01 21:04:59.160324+00:00,16398,Microsoft-Windows-Bits-Client
30768,2,2026-07-01 21:05:09.172054+00:00,16398,Microsoft-Windows-Bits-Client
30771,2,2026-07-01 22:01:44.298277+00:00,16398,Microsoft-Windows-Bits-Client
30772,2,2026-07-01 22:01:54.299906+00:00,16398,Microsoft-Windows-Bits-Client
30773,2,2026-07-01 22:02:04.307392+00:00,16398,Microsoft-Windows-Bits-Client
30774,2,2026-07-01 22:02:14.310123+00:00,16398,Microsoft-Windows-Bits-Client
30827,2,2026-07-01 22:17:38.171453+00:00,16398,Microsoft-Windows-Bits-Client
30828,2,2026-07-01 22:17:42.817108+00:00,16398,Microsoft-Windows-Bits-Client
30829,2,2026-07-01 22:17:47.431549+00:00,16398,Microsoft-Windows-Bits-Client
30830,2,2026-07-01 22:17:52.265762+00:00,16398,Microsoft-Windows-Bits-Client
30831,2,2026-07-01 22:17:57.563501+00:00,16398,Microsoft-Windows-Bits-Client
30832,2,2026-07-01 22:18:04.164179+00:00,16398,Microsoft-Windows-Bits-Client
30833,2,2026-07-01 22:18:10.663923+00:00,16398,Microsoft-Windows-Bits-Client
30834,2,2026-07-01 22:18:17.592794+00:00,16398,Microsoft-Windows-Bits-Client
30839,2,2026-07-01 22:54:34.488195+00:00,16398,Microsoft-Windows-Bits-Client
30841,3,2026-07-01 23:09:29.460690+00:00,10016,Microsoft-Windows-DistributedCOM
30846,2,2026-07-01 23:10:19.114300+00:00,20,Microsoft-Windows-WindowsUpdateClient
30849,2,2026-07-01 23:10:25.237316+00:00,20,Microsoft-Windows-WindowsUpdateClient
30856,2,2026-07-01 23:10:31.173534+00:00,10005,Microsoft-Windows-DistributedCOM
30857,2,2026-07-01 23:10:31.181541+00:00,10005,Microsoft-Windows-DistributedCOM
30858,2,2026-07-01 23:10:31.187542+00:00,10005,Microsoft-Windows-DistributedCOM
30859,2,2026-07-01 23:10:31.401155+00:00,10005,Microsoft-Windows-DistributedCOM
30860,2,2026-07-01 23:10:31.409155+00:00,10005,Microsoft-Windows-DistributedCOM
30861,2,2026-07-01 23:10:31.414152+00:00,10005,Microsoft-Windows-DistributedCOM
30869,2,2026-07-01 23:18:38.162951+00:00,16398,Microsoft-Windows-Bits-Client
30870,2,2026-07-01 23:18:48.174543+00:00,16398,Microsoft-Windows-Bits-Client
30871,2,2026-07-01 23:18:58.176201+00:00,16398,Microsoft-Windows-Bits-Client
30872,2,2026-07-01 23:19:08.192360+00:00,16398,Microsoft-Windows-Bits-Client
30873,2,2026-07-01 23:19:18.614412+00:00,16398,Microsoft-Windows-Bits-Client
30874,2,2026-07-01 23:19:28.621763+00:00,16398,Microsoft-Windows-Bits-Client
30875,2,2026-07-01 23:19:38.633331+00:00,16398,Microsoft-Windows-Bits-Client
30876,2,2026-07-01 23:19:48.645205+00:00,16398,Microsoft-Windows-Bits-Client
30877,2,2026-07-01 23:20:04.141642+00:00,16398,Microsoft-Windows-Bits-Client
30878,2,2026-07-01 23:20:14.156666+00:00,16398,Microsoft-Windows-Bits-Client
30879,2,2026-07-01 23:20:24.168360+00:00,16398,Microsoft-Windows-Bits-Client
30880,2,2026-07-01 23:20:34.176670+00:00,16398,Microsoft-Windows-Bits-Client
30891,2,2026-07-02 00:16:32.219566+00:00,16398,Microsoft-Windows-Bits-Client
30892,2,2026-07-02 00:16:32.259205+00:00,16398,Microsoft-Windows-Bits-Client
30893,2,2026-07-02 00:16:32.298286+00:00,16398,Microsoft-Windows-Bits-Client
30894,2,2026-07-02 00:16:32.337925+00:00,16398,Microsoft-Windows-Bits-Client
30898,3,2026-07-02 04:53:06.819071+00:00,10016,Microsoft-Windows-DistributedCOM
30933,3,2026-07-02 14:56:49.876862+00:00,34,BTHUSB
30973,3,2026-07-02 14:56:55.069937+00:00,10016,Microsoft-Windows-DistributedCOM
30974,3,2026-07-02 14:56:55.069937+00:00,10016,Microsoft-Windows-DistributedCOM
30994,2,2026-07-02 14:56:59.263899+00:00,1040,Microsoft-Windows-TPM-WMI
31006,2,2026-07-02 14:57:27.365887+00:00,16398,Microsoft-Windows-Bits-Client
31008,2,2026-07-02 14:57:37.362259+00:00,16398,Microsoft-Windows-Bits-Client
31009,2,2026-07-02 14:57:47.366495+00:00,16398,Microsoft-Windows-Bits-Client
31043,2,2026-07-02 14:57:57.381853+00:00,16398,Microsoft-Windows-Bits-Client
31044,3,2026-07-02 14:58:00.078495+00:00,10016,Microsoft-Windows-DistributedCOM
31046,2,2026-07-02 14:58:52.548538+00:00,16398,Microsoft-Windows-Bits-Client
31047,2,2026-07-02 14:58:54.141872+00:00,16398,Microsoft-Windows-Bits-Client
31048,2,2026-07-02 14:58:55.116226+00:00,16398,Microsoft-Windows-Bits-Client
31057,2,2026-07-02 14:58:56.413296+00:00,16398,Microsoft-Windows-Bits-Client
31058,2,2026-07-02 14:59:01.396990+00:00,16398,Microsoft-Windows-Bits-Client
31059,2,2026-07-02 14:59:05.476864+00:00,16398,Microsoft-Windows-Bits-Client
31060,2,2026-07-02 14:59:09.874685+00:00,16398,Microsoft-Windows-Bits-Client
31061,2,2026-07-02 14:59:10.589718+00:00,16398,Microsoft-Windows-Bits-Client
31062,2,2026-07-02 14:59:10.629145+00:00,16398,Microsoft-Windows-Bits-Client
31063,2,2026-07-02 14:59:10.668228+00:00,16398,Microsoft-Windows-Bits-Client
31064,2,2026-07-02 14:59:10.707891+00:00,16398,Microsoft-Windows-Bits-Client
31065,2,2026-07-02 14:59:11.018787+00:00,16398,Microsoft-Windows-Bits-Client
31066,2,2026-07-02 14:59:11.057404+00:00,16398,Microsoft-Windows-Bits-Client
31067,2,2026-07-02 14:59:11.095814+00:00,16398,Microsoft-Windows-Bits-Client
31068,2,2026-07-02 14:59:11.134226+00:00,16398,Microsoft-Windows-Bits-Client
31069,2,2026-07-02 14:59:14.351732+00:00,16398,Microsoft-Windows-Bits-Client
31073,3,2026-07-02 15:02:30.969086+00:00,10016,Microsoft-Windows-DistributedCOM
31074,3,2026-07-02 15:08:56.286846+00:00,10016,Microsoft-Windows-DistributedCOM
31077,3,2026-07-02 15:09:02.632086+00:00,10016,Microsoft-Windows-DistributedCOM
31078,3,2026-07-02 15:09:02.665842+00:00,10016,Microsoft-Windows-DistributedCOM
31079,3,2026-07-02 15:09:02.706402+00:00,10016,Microsoft-Windows-DistributedCOM
31080,3,2026-07-02 15:09:05.154676+00:00,10016,Microsoft-Windows-DistributedCOM
31081,3,2026-07-02 15:09:07.412468+00:00,10016,Microsoft-Windows-DistributedCOM
31085,3,2026-07-02 16:00:57.729567+00:00,10016,Microsoft-Windows-DistributedCOM
31088,3,2026-07-02 16:10:29.735891+00:00,10016,Microsoft-Windows-DistributedCOM
31089,3,2026-07-02 16:10:29.767712+00:00,10016,Microsoft-Windows-DistributedCOM
31090,3,2026-07-02 16:10:29.807739+00:00,10016,Microsoft-Windows-DistributedCOM
31091,3,2026-07-02 16:10:31.904749+00:00,10016,Microsoft-Windows-DistributedCOM
31092,3,2026-07-02 16:10:33.536510+00:00,10016,Microsoft-Windows-DistributedCOM
31096,3,2026-07-02 16:57:12.170994+00:00,10016,Microsoft-Windows-DistributedCOM
31101,2,2026-07-02 17:00:57.142269+00:00,16398,Microsoft-Windows-Bits-Client
31102,2,2026-07-02 17:01:07.149672+00:00,16398,Microsoft-Windows-Bits-Client
31103,2,2026-07-02 17:01:17.158512+00:00,16398,Microsoft-Windows-Bits-Client
31104,2,2026-07-02 17:01:27.173689+00:00,16398,Microsoft-Windows-Bits-Client
31109,3,2026-07-02 19:25:19.161869+00:00,4266,Tcpip
31123,3,2026-07-02 20:58:23.534056+00:00,34,BTHUSB
31155,2,2026-07-02 22:01:43.917774+00:00,16398,Microsoft-Windows-Bits-Client
31156,2,2026-07-02 22:01:53.926125+00:00,16398,Microsoft-Windows-Bits-Client
31157,2,2026-07-02 22:02:03.938831+00:00,16398,Microsoft-Windows-Bits-Client
31158,2,2026-07-02 22:02:13.950676+00:00,16398,Microsoft-Windows-Bits-Client
31160,3,2026-07-02 22:22:36.711588+00:00,10016,Microsoft-Windows-DistributedCOM
31165,2,2026-07-02 22:27:30.543188+00:00,16398,Microsoft-Windows-Bits-Client
31166,2,2026-07-02 22:27:40.544420+00:00,16398,Microsoft-Windows-Bits-Client
31167,2,2026-07-02 22:27:50.559687+00:00,16398,Microsoft-Windows-Bits-Client
31168,2,2026-07-02 22:28:00.562654+00:00,16398,Microsoft-Windows-Bits-Client
31169,2,2026-07-02 22:28:12.859201+00:00,16398,Microsoft-Windows-Bits-Client
31170,2,2026-07-02 22:28:22.860767+00:00,16398,Microsoft-Windows-Bits-Client
31171,2,2026-07-02 22:28:32.866055+00:00,16398,Microsoft-Windows-Bits-Client
31172,2,2026-07-02 22:28:42.870234+00:00,16398,Microsoft-Windows-Bits-Client
31173,2,2026-07-02 22:29:03.252840+00:00,16398,Microsoft-Windows-Bits-Client
31174,2,2026-07-02 22:29:13.258522+00:00,16398,Microsoft-Windows-Bits-Client
31175,2,2026-07-02 22:29:23.270252+00:00,16398,Microsoft-Windows-Bits-Client
31176,2,2026-07-02 22:29:33.271910+00:00,16398,Microsoft-Windows-Bits-Client
31185,2,2026-07-03 01:58:30.881405+00:00,16398,Microsoft-Windows-Bits-Client
31186,2,2026-07-03 01:58:30.926716+00:00,16398,Microsoft-Windows-Bits-Client
31187,2,2026-07-03 01:58:30.970680+00:00,16398,Microsoft-Windows-Bits-Client
31188,2,2026-07-03 01:58:31.015522+00:00,16398,Microsoft-Windows-Bits-Client
31189,2,2026-07-03 01:58:31.304949+00:00,16398,Microsoft-Windows-Bits-Client
31190,2,2026-07-03 01:58:31.350130+00:00,16398,Microsoft-Windows-Bits-Client
31191,2,2026-07-03 01:58:31.399248+00:00,16398,Microsoft-Windows-Bits-Client
31192,2,2026-07-03 01:58:31.448473+00:00,16398,Microsoft-Windows-Bits-Client
31210,3,2026-07-03 16:23:54.492495+00:00,34,BTHUSB
31250,2,2026-07-03 16:23:59.872440+00:00,16398,Microsoft-Windows-Bits-Client
31259,2,2026-07-03 16:24:04.895535+00:00,16398,Microsoft-Windows-Bits-Client
31260,2,2026-07-03 16:24:04.936543+00:00,16398,Microsoft-Windows-Bits-Client
31261,2,2026-07-03 16:24:04.977818+00:00,16398,Microsoft-Windows-Bits-Client
31262,2,2026-07-03 16:24:05.022139+00:00,16398,Microsoft-Windows-Bits-Client
31263,2,2026-07-03 16:24:09.882885+00:00,16398,Microsoft-Windows-Bits-Client
31264,2,2026-07-03 16:24:19.885616+00:00,16398,Microsoft-Windows-Bits-Client
31265,2,2026-07-03 16:24:29.901245+00:00,16398,Microsoft-Windows-Bits-Client
31266,3,2026-07-03 16:24:34.269852+00:00,10016,Microsoft-Windows-DistributedCOM
31270,3,2026-07-03 16:25:17.921688+00:00,10016,Microsoft-Windows-DistributedCOM
31271,3,2026-07-03 16:25:17.979298+00:00,10016,Microsoft-Windows-DistributedCOM
31272,3,2026-07-03 16:25:18.024361+00:00,10016,Microsoft-Windows-DistributedCOM
31273,3,2026-07-03 16:25:20.249500+00:00,10016,Microsoft-Windows-DistributedCOM
31274,3,2026-07-03 16:25:20.264353+00:00,10016,Microsoft-Windows-DistributedCOM
31278,2,2026-07-03 17:01:41.715010+00:00,16398,Microsoft-Windows-Bits-Client
31279,2,2026-07-03 17:01:51.722040+00:00,16398,Microsoft-Windows-Bits-Client
31280,2,2026-07-03 17:02:01.724205+00:00,16398,Microsoft-Windows-Bits-Client
31281,2,2026-07-03 17:02:11.725466+00:00,16398,Microsoft-Windows-Bits-Client
31284,2,2026-07-03 17:33:45.609951+00:00,16398,Microsoft-Windows-Bits-Client
31285,2,2026-07-03 17:33:55.613297+00:00,16398,Microsoft-Windows-Bits-Client
31286,2,2026-07-03 17:34:05.618727+00:00,16398,Microsoft-Windows-Bits-Client
31287,2,2026-07-03 17:34:15.628138+00:00,16398,Microsoft-Windows-Bits-Client
31288,2,2026-07-03 17:34:32.088696+00:00,16398,Microsoft-Windows-Bits-Client
31289,2,2026-07-03 17:34:42.093197+00:00,16398,Microsoft-Windows-Bits-Client
31290,2,2026-07-03 17:34:52.096020+00:00,16398,Microsoft-Windows-Bits-Client
31291,2,2026-07-03 17:35:02.111835+00:00,16398,Microsoft-Windows-Bits-Client
31292,2,2026-07-03 17:35:12.641737+00:00,16398,Microsoft-Windows-Bits-Client
31293,2,2026-07-03 17:35:15.653423+00:00,16398,Microsoft-Windows-Bits-Client
31294,2,2026-07-03 17:35:18.668015+00:00,16398,Microsoft-Windows-Bits-Client
31295,2,2026-07-03 17:35:21.674528+00:00,16398,Microsoft-Windows-Bits-Client
31296,2,2026-07-03 17:35:35.827688+00:00,16398,Microsoft-Windows-Bits-Client
31297,2,2026-07-03 17:35:41.934139+00:00,16398,Microsoft-Windows-Bits-Client
31298,2,2026-07-03 17:35:45.839106+00:00,16398,Microsoft-Windows-Bits-Client
31299,2,2026-07-03 17:35:57.251568+00:00,16398,Microsoft-Windows-Bits-Client
31300,2,2026-07-03 17:35:57.251965+00:00,16398,Microsoft-Windows-Bits-Client
31301,2,2026-07-03 17:36:07.255680+00:00,16398,Microsoft-Windows-Bits-Client
31302,2,2026-07-03 17:36:07.256063+00:00,16398,Microsoft-Windows-Bits-Client
31303,2,2026-07-03 17:36:17.264008+00:00,16398,Microsoft-Windows-Bits-Client
31306,2,2026-07-03 18:35:40.427805+00:00,16398,Microsoft-Windows-Bits-Client
31307,2,2026-07-03 18:35:50.436224+00:00,16398,Microsoft-Windows-Bits-Client
31308,2,2026-07-03 18:36:00.441702+00:00,16398,Microsoft-Windows-Bits-Client
31309,2,2026-07-03 18:36:10.454012+00:00,16398,Microsoft-Windows-Bits-Client
31312,3,2026-07-03 19:39:30.821457+00:00,10016,Microsoft-Windows-DistributedCOM
31323,2,2026-07-03 21:19:36.463749+00:00,6008,EventLog
31349,1,2026-07-03 21:19:27.332115+00:00,41,Microsoft-Windows-Kernel-Power
31396,3,2026-07-03 21:19:31.462509+00:00,34,BTHUSB
31444,3,2026-07-03 21:19:36.666496+00:00,10016,Microsoft-Windows-DistributedCOM
31454,2,2026-07-03 21:19:40.443113+00:00,1040,Microsoft-Windows-TPM-WMI
31461,3,2026-07-03 21:19:43.427420+00:00,1014,Microsoft-Windows-DNS-Client
31475,3,2026-07-03 21:19:51.658031+00:00,10016,Microsoft-Windows-DistributedCOM
31476,3,2026-07-03 21:19:51.658031+00:00,10016,Microsoft-Windows-DistributedCOM
31487,3,2026-07-03 21:20:11.749475+00:00,10016,Microsoft-Windows-DistributedCOM
31488,2,2026-07-03 21:20:15.197992+00:00,16398,Microsoft-Windows-Bits-Client
31489,3,2026-07-03 21:20:16.093351+00:00,10016,Microsoft-Windows-DistributedCOM
31490,2,2026-07-03 21:20:25.210272+00:00,16398,Microsoft-Windows-Bits-Client
31491,2,2026-07-03 21:20:35.224920+00:00,16398,Microsoft-Windows-Bits-Client
31525,3,2026-07-03 21:20:41.148691+00:00,10016,Microsoft-Windows-DistributedCOM
31526,2,2026-07-03 21:20:45.268944+00:00,16398,Microsoft-Windows-Bits-Client
31528,2,2026-07-03 21:21:36.995199+00:00,16398,Microsoft-Windows-Bits-Client
31529,2,2026-07-03 21:21:37.553701+00:00,16398,Microsoft-Windows-Bits-Client
31530,2,2026-07-03 21:21:38.112291+00:00,16398,Microsoft-Windows-Bits-Client
31531,2,2026-07-03 21:21:38.680193+00:00,16398,Microsoft-Windows-Bits-Client
31532,2,2026-07-03 21:21:39.325642+00:00,16398,Microsoft-Windows-Bits-Client
31533,3,2026-07-03 21:21:39.678854+00:00,10016,Microsoft-Windows-DistributedCOM
31534,2,2026-07-03 21:21:40.219286+00:00,16398,Microsoft-Windows-Bits-Client
31535,2,2026-07-03 21:21:41.198065+00:00,16398,Microsoft-Windows-Bits-Client
31536,2,2026-07-03 21:21:42.541052+00:00,16398,Microsoft-Windows-Bits-Client
31537,3,2026-07-03 21:21:42.785709+00:00,10016,Microsoft-Windows-DistributedCOM
31538,3,2026-07-03 21:21:42.785709+00:00,10016,Microsoft-Windows-DistributedCOM
31539,3,2026-07-03 21:21:42.785709+00:00,10016,Microsoft-Windows-DistributedCOM
31540,2,2026-07-03 21:21:55.060204+00:00,16398,Microsoft-Windows-Bits-Client
31541,2,2026-07-03 21:21:55.118238+00:00,16398,Microsoft-Windows-Bits-Client
31542,2,2026-07-03 21:21:55.167038+00:00,16398,Microsoft-Windows-Bits-Client
31543,2,2026-07-03 21:21:55.214960+00:00,16398,Microsoft-Windows-Bits-Client
31546,3,2026-07-03 21:29:50.313944+00:00,10016,Microsoft-Windows-DistributedCOM
31551,3,2026-07-03 21:31:54.709986+00:00,10016,Microsoft-Windows-DistributedCOM
31552,3,2026-07-03 21:32:00.064613+00:00,10016,Microsoft-Windows-DistributedCOM
31553,3,2026-07-03 21:32:00.113361+00:00,10016,Microsoft-Windows-DistributedCOM
31554,3,2026-07-03 21:32:00.157362+00:00,10016,Microsoft-Windows-DistributedCOM
31555,3,2026-07-03 21:32:02.521420+00:00,10016,Microsoft-Windows-DistributedCOM
31556,3,2026-07-03 23:25:32.266312+00:00,10016,Microsoft-Windows-DistributedCOM
31621,3,2026-07-04 02:57:11.272333+00:00,10016,Microsoft-Windows-DistributedCOM
31628,3,2026-07-04 05:01:49.428267+00:00,10016,Microsoft-Windows-DistributedCOM
31646,3,2026-07-04 15:29:10.494015+00:00,34,BTHUSB
31695,2,2026-07-04 15:29:18.825747+00:00,16398,Microsoft-Windows-Bits-Client
31696,2,2026-07-04 15:29:19.234436+00:00,16398,Microsoft-Windows-Bits-Client
31697,2,2026-07-04 15:29:19.281439+00:00,16398,Microsoft-Windows-Bits-Client
31698,2,2026-07-04 15:29:19.333611+00:00,16398,Microsoft-Windows-Bits-Client
31699,2,2026-07-04 15:29:19.383377+00:00,16398,Microsoft-Windows-Bits-Client
31700,3,2026-07-04 15:29:20.175848+00:00,4266,Tcpip
31701,2,2026-07-04 15:29:21.055660+00:00,16398,Microsoft-Windows-Bits-Client
31702,2,2026-07-04 15:29:21.331747+00:00,16398,Microsoft-Windows-Bits-Client
31706,3,2026-07-04 15:40:39.682693+00:00,10016,Microsoft-Windows-DistributedCOM
31715,3,2026-07-04 16:11:40.981289+00:00,10016,Microsoft-Windows-DistributedCOM
31716,3,2026-07-04 16:11:41.013288+00:00,10016,Microsoft-Windows-DistributedCOM
31717,3,2026-07-04 16:11:41.057291+00:00,10016,Microsoft-Windows-DistributedCOM
31718,3,2026-07-04 16:11:43.347847+00:00,10016,Microsoft-Windows-DistributedCOM
31719,3,2026-07-04 16:11:43.358847+00:00,10016,Microsoft-Windows-DistributedCOM
31726,2,2026-07-04 17:02:26.874481+00:00,16398,Microsoft-Windows-Bits-Client
31727,2,2026-07-04 17:02:36.883369+00:00,16398,Microsoft-Windows-Bits-Client
31728,2,2026-07-04 17:02:46.884245+00:00,16398,Microsoft-Windows-Bits-Client
31729,2,2026-07-04 17:02:56.888077+00:00,16398,Microsoft-Windows-Bits-Client
31731,3,2026-07-04 17:20:22.115276+00:00,10016,Microsoft-Windows-DistributedCOM
31736,2,2026-07-04 18:35:39.839762+00:00,16398,Microsoft-Windows-Bits-Client
31737,2,2026-07-04 18:35:49.851807+00:00,16398,Microsoft-Windows-Bits-Client
31738,2,2026-07-04 18:35:59.865023+00:00,16398,Microsoft-Windows-Bits-Client
31739,2,2026-07-04 18:36:09.869293+00:00,16398,Microsoft-Windows-Bits-Client
31742,2,2026-07-04 19:35:42.745224+00:00,16398,Microsoft-Windows-Bits-Client
31743,2,2026-07-04 19:35:52.750965+00:00,16398,Microsoft-Windows-Bits-Client
31744,2,2026-07-04 19:36:02.764437+00:00,16398,Microsoft-Windows-Bits-Client
31745,2,2026-07-04 19:36:12.768253+00:00,16398,Microsoft-Windows-Bits-Client
31746,2,2026-07-04 19:36:23.049419+00:00,16398,Microsoft-Windows-Bits-Client
31747,2,2026-07-04 19:36:33.063086+00:00,16398,Microsoft-Windows-Bits-Client
31748,2,2026-07-04 19:36:43.066313+00:00,16398,Microsoft-Windows-Bits-Client
31749,2,2026-07-04 19:36:53.071037+00:00,16398,Microsoft-Windows-Bits-Client
31750,2,2026-07-04 19:37:09.000994+00:00,16398,Microsoft-Windows-Bits-Client
31751,2,2026-07-04 19:37:19.004549+00:00,16398,Microsoft-Windows-Bits-Client
31752,2,2026-07-04 19:37:29.011972+00:00,16398,Microsoft-Windows-Bits-Client
31753,2,2026-07-04 19:37:39.016260+00:00,16398,Microsoft-Windows-Bits-Client
31758,2,2026-07-04 20:29:15.997734+00:00,16398,Microsoft-Windows-Bits-Client
31759,2,2026-07-04 20:29:16.038027+00:00,16398,Microsoft-Windows-Bits-Client
31760,2,2026-07-04 20:29:16.077473+00:00,16398,Microsoft-Windows-Bits-Client
31761,2,2026-07-04 20:29:16.116051+00:00,16398,Microsoft-Windows-Bits-Client
31764,2,2026-07-04 21:20:59.858032+00:00,16398,Microsoft-Windows-Bits-Client
31765,2,2026-07-04 21:21:09.865467+00:00,16398,Microsoft-Windows-Bits-Client
31766,2,2026-07-04 21:21:19.877443+00:00,16398,Microsoft-Windows-Bits-Client
31767,2,2026-07-04 21:21:29.879755+00:00,16398,Microsoft-Windows-Bits-Client
31781,3,2026-07-05 05:48:26.145296+00:00,10016,Microsoft-Windows-DistributedCOM
31800,3,2026-07-05 21:52:33.493637+00:00,34,BTHUSB
31831,2,2026-07-05 21:52:37.660847+00:00,16398,Microsoft-Windows-Bits-Client
31832,2,2026-07-05 21:52:37.665281+00:00,16398,Microsoft-Windows-Bits-Client
31833,2,2026-07-05 21:52:37.667664+00:00,16398,Microsoft-Windows-Bits-Client
31849,2,2026-07-05 21:52:42.479773+00:00,16398,Microsoft-Windows-Bits-Client
31850,2,2026-07-05 21:52:47.672552+00:00,16398,Microsoft-Windows-Bits-Client
31851,2,2026-07-05 21:52:47.672907+00:00,16398,Microsoft-Windows-Bits-Client
31852,2,2026-07-05 21:52:47.673227+00:00,16398,Microsoft-Windows-Bits-Client
31853,2,2026-07-05 21:52:57.674088+00:00,16398,Microsoft-Windows-Bits-Client
31854,2,2026-07-05 21:52:57.674429+00:00,16398,Microsoft-Windows-Bits-Client
31855,2,2026-07-05 21:52:57.674757+00:00,16398,Microsoft-Windows-Bits-Client
31856,2,2026-07-05 21:53:07.685543+00:00,16398,Microsoft-Windows-Bits-Client
31857,2,2026-07-05 21:53:07.685917+00:00,16398,Microsoft-Windows-Bits-Client
31858,2,2026-07-05 21:53:07.686235+00:00,16398,Microsoft-Windows-Bits-Client
31859,3,2026-07-05 21:53:59.429773+00:00,10016,Microsoft-Windows-DistributedCOM
31860,3,2026-07-05 21:53:59.463690+00:00,10016,Microsoft-Windows-DistributedCOM
31861,3,2026-07-05 21:53:59.483459+00:00,10016,Microsoft-Windows-DistributedCOM
31862,3,2026-07-05 21:54:01.938614+00:00,10016,Microsoft-Windows-DistributedCOM
31863,3,2026-07-05 21:54:02.782169+00:00,10016,Microsoft-Windows-DistributedCOM
31866,2,2026-07-05 21:58:38.533060+00:00,16398,Microsoft-Windows-Bits-Client
31867,2,2026-07-05 21:58:38.534025+00:00,16398,Microsoft-Windows-Bits-Client
31868,2,2026-07-05 21:58:48.549267+00:00,16398,Microsoft-Windows-Bits-Client
31869,2,2026-07-05 21:58:48.549658+00:00,16398,Microsoft-Windows-Bits-Client
31870,2,2026-07-05 21:58:58.560282+00:00,16398,Microsoft-Windows-Bits-Client
31871,2,2026-07-05 21:58:58.560642+00:00,16398,Microsoft-Windows-Bits-Client
31872,2,2026-07-05 21:59:08.561333+00:00,16398,Microsoft-Windows-Bits-Client
31873,2,2026-07-05 21:59:08.561689+00:00,16398,Microsoft-Windows-Bits-Client
31874,2,2026-07-05 21:59:19.233353+00:00,16398,Microsoft-Windows-Bits-Client
31875,2,2026-07-05 21:59:29.236238+00:00,16398,Microsoft-Windows-Bits-Client
31876,2,2026-07-05 21:59:39.249300+00:00,16398,Microsoft-Windows-Bits-Client
31877,2,2026-07-05 21:59:49.253508+00:00,16398,Microsoft-Windows-Bits-Client
31878,2,2026-07-05 22:00:04.653036+00:00,16398,Microsoft-Windows-Bits-Client
31879,2,2026-07-05 22:00:14.666843+00:00,16398,Microsoft-Windows-Bits-Client
31880,2,2026-07-05 22:00:24.675501+00:00,16398,Microsoft-Windows-Bits-Client
31881,2,2026-07-05 22:00:34.684278+00:00,16398,Microsoft-Windows-Bits-Client
31886,3,2026-07-05 22:03:59.043253+00:00,10016,Microsoft-Windows-DistributedCOM
31898,3,2026-07-05 23:31:23.520147+00:00,10016,Microsoft-Windows-DistributedCOM
31904,2,2026-07-06 02:52:39.602057+00:00,16398,Microsoft-Windows-Bits-Client
31905,2,2026-07-06 02:52:39.641525+00:00,16398,Microsoft-Windows-Bits-Client
31906,2,2026-07-06 02:52:39.680052+00:00,16398,Microsoft-Windows-Bits-Client
31907,2,2026-07-06 02:52:39.718657+00:00,16398,Microsoft-Windows-Bits-Client
31917,3,2026-07-06 07:22:57.138475+00:00,10016,Microsoft-Windows-DistributedCOM
31921,2,2026-07-06 07:52:39.216845+00:00,16398,Microsoft-Windows-Bits-Client
31922,2,2026-07-06 07:52:39.256178+00:00,16398,Microsoft-Windows-Bits-Client
31923,2,2026-07-06 07:52:39.295200+00:00,16398,Microsoft-Windows-Bits-Client
31924,2,2026-07-06 07:52:39.333593+00:00,16398,Microsoft-Windows-Bits-Client
31929,3,2026-07-06 10:16:11.455990+00:00,10016,Microsoft-Windows-DistributedCOM
31935,3,2026-07-06 13:52:08.760235+00:00,4266,Tcpip
31939,3,2026-07-06 16:08:00.271952+00:00,10016,Microsoft-Windows-DistributedCOM
31940,3,2026-07-06 16:08:00.301950+00:00,10016,Microsoft-Windows-DistributedCOM
31941,3,2026-07-06 16:08:00.338953+00:00,10016,Microsoft-Windows-DistributedCOM
31942,3,2026-07-06 16:08:02.647238+00:00,10016,Microsoft-Windows-DistributedCOM
31943,3,2026-07-06 16:08:03.410910+00:00,10016,Microsoft-Windows-DistributedCOM
31964,3,2026-07-06 21:58:13.567530+00:00,10016,Microsoft-Windows-DistributedCOM
31971,3,2026-07-07 01:50:27.417698+00:00,10016,Microsoft-Windows-DistributedCOM
31979,2,2026-07-07 01:50:45.842798+00:00,20,Microsoft-Windows-WindowsUpdateClient
31990,3,2026-07-07 07:22:59.249269+00:00,10016,Microsoft-Windows-DistributedCOM
32005,3,2026-07-07 12:16:12.291971+00:00,10016,Microsoft-Windows-DistributedCOM
32025,3,2026-07-07 21:48:14.402752+00:00,10016,Microsoft-Windows-DistributedCOM
32031,3,2026-07-08 01:16:15.870045+00:00,10016,Microsoft-Windows-DistributedCOM
32043,3,2026-07-08 01:27:00.948051+00:00,10016,Microsoft-Windows-DistributedCOM
32103,3,2026-07-08 07:23:02.429155+00:00,10016,Microsoft-Windows-DistributedCOM
32117,3,2026-07-08 14:07:15.593550+00:00,10016,Microsoft-Windows-DistributedCOM
32118,3,2026-07-08 14:07:15.625553+00:00,10016,Microsoft-Windows-DistributedCOM
32119,3,2026-07-08 14:07:15.661552+00:00,10016,Microsoft-Windows-DistributedCOM
32120,3,2026-07-08 14:07:17.434586+00:00,10016,Microsoft-Windows-DistributedCOM
32121,3,2026-07-08 14:07:17.752666+00:00,10016,Microsoft-Windows-DistributedCOM
32122,3,2026-07-08 14:07:17.842995+00:00,10016,Microsoft-Windows-DistributedCOM
32130,2,2026-07-08 14:11:24.276834+00:00,20,Microsoft-Windows-WindowsUpdateClient
32133,2,2026-07-08 14:11:37.347542+00:00,20,Microsoft-Windows-WindowsUpdateClient
32195,3,2026-07-08 16:08:05.672472+00:00,10016,Microsoft-Windows-DistributedCOM
32196,3,2026-07-08 16:08:05.696472+00:00,10016,Microsoft-Windows-DistributedCOM
32197,3,2026-07-08 16:08:05.732473+00:00,10016,Microsoft-Windows-DistributedCOM
32198,3,2026-07-08 16:08:07.939194+00:00,10016,Microsoft-Windows-DistributedCOM
32199,3,2026-07-08 16:08:07.992189+00:00,10016,Microsoft-Windows-DistributedCOM
32220,3,2026-07-08 19:57:44.773331+00:00,10016,Microsoft-Windows-DistributedCOM
32225,3,2026-07-08 21:47:59.709553+00:00,4266,Tcpip
32230,3,2026-07-09 01:27:01.056658+00:00,10016,Microsoft-Windows-DistributedCOM
32234,3,2026-07-09 03:02:43.790970+00:00,10016,Microsoft-Windows-DistributedCOM
32302,2,2026-07-09 03:03:19.796768+00:00,20,Microsoft-Windows-WindowsUpdateClient
32304,2,2026-07-09 03:03:23.017534+00:00,20,Microsoft-Windows-WindowsUpdateClient
32330,3,2026-07-10 18:30:11.543558+00:00,34,BTHUSB
32372,2,2026-07-10 18:30:16.405704+00:00,16398,Microsoft-Windows-Bits-Client
32376,3,2026-07-10 18:32:10.682375+00:00,10016,Microsoft-Windows-DistributedCOM
32377,3,2026-07-10 18:32:10.721861+00:00,10016,Microsoft-Windows-DistributedCOM
32378,3,2026-07-10 18:32:10.766661+00:00,10016,Microsoft-Windows-DistributedCOM
32379,3,2026-07-10 18:32:12.803463+00:00,10016,Microsoft-Windows-DistributedCOM
32380,3,2026-07-10 18:32:13.199863+00:00,10016,Microsoft-Windows-DistributedCOM
32394,3,2026-07-10 18:40:16.207523+00:00,10016,Microsoft-Windows-DistributedCOM
32415,3,2026-07-12 19:40:56.520218+00:00,34,BTHUSB
32418,3,2026-07-12 19:40:57.646925+00:00,134,Microsoft-Windows-Time-Service
32516,3,2026-07-12 19:42:01.870342+00:00,10016,Microsoft-Windows-DistributedCOM
32518,3,2026-07-12 19:42:17.118887+00:00,10016,Microsoft-Windows-DistributedCOM
32519,3,2026-07-12 19:42:17.164886+00:00,10016,Microsoft-Windows-DistributedCOM
32520,3,2026-07-12 19:42:17.315426+00:00,10016,Microsoft-Windows-DistributedCOM
32521,3,2026-07-12 19:42:20.800402+00:00,10016,Microsoft-Windows-DistributedCOM
32522,3,2026-07-12 19:42:20.832344+00:00,10016,Microsoft-Windows-DistributedCOM
32523,3,2026-07-12 19:42:20.878843+00:00,10016,Microsoft-Windows-DistributedCOM
32534,3,2026-07-12 19:44:38.589750+00:00,10016,Microsoft-Windows-DistributedCOM
32535,3,2026-07-12 19:44:38.643063+00:00,10016,Microsoft-Windows-DistributedCOM
32536,3,2026-07-12 19:44:38.712347+00:00,10016,Microsoft-Windows-DistributedCOM
32537,3,2026-07-12 19:44:41.156487+00:00,10016,Microsoft-Windows-DistributedCOM
32538,3,2026-07-12 19:44:41.514786+00:00,10016,Microsoft-Windows-DistributedCOM
32540,3,2026-07-12 19:58:35.948912+00:00,10016,Microsoft-Windows-DistributedCOM
32541,3,2026-07-12 20:00:05.799799+00:00,4266,Tcpip
32574,2,2026-07-13 15:23:10.422110+00:00,1040,Microsoft-Windows-TPM-WMI
32576,3,2026-07-13 15:23:10.871611+00:00,34,BTHUSB
32615,3,2026-07-13 15:23:13.888908+00:00,10016,Microsoft-Windows-DistributedCOM
32616,3,2026-07-13 15:23:13.932585+00:00,10016,Microsoft-Windows-DistributedCOM
32688,3,2026-07-13 15:24:18.614481+00:00,10016,Microsoft-Windows-DistributedCOM
32692,3,2026-07-13 15:25:50.294785+00:00,10016,Microsoft-Windows-DistributedCOM
32693,3,2026-07-13 15:25:50.321522+00:00,10016,Microsoft-Windows-DistributedCOM
32694,3,2026-07-13 15:25:50.411182+00:00,10016,Microsoft-Windows-DistributedCOM
32695,3,2026-07-13 15:26:10.873772+00:00,10016,Microsoft-Windows-DistributedCOM
32696,3,2026-07-13 15:26:10.902895+00:00,10016,Microsoft-Windows-DistributedCOM
32697,3,2026-07-13 15:26:10.954515+00:00,10016,Microsoft-Windows-DistributedCOM
32699,3,2026-07-13 15:29:15.763409+00:00,10016,Microsoft-Windows-DistributedCOM
32702,3,2026-07-13 15:29:27.108761+00:00,10016,Microsoft-Windows-DistributedCOM
32703,3,2026-07-13 15:29:27.166407+00:00,10016,Microsoft-Windows-DistributedCOM
32704,3,2026-07-13 15:29:27.212181+00:00,10016,Microsoft-Windows-DistributedCOM
32705,3,2026-07-13 15:29:29.277710+00:00,10016,Microsoft-Windows-DistributedCOM
32706,3,2026-07-13 15:29:31.292299+00:00,10016,Microsoft-Windows-DistributedCOM
32708,3,2026-07-13 15:32:31.152962+00:00,10016,Microsoft-Windows-DistributedCOM
32709,3,2026-07-13 15:39:47.275362+00:00,10016,Microsoft-Windows-DistributedCOM
32723,3,2026-07-13 16:07:48.123999+00:00,10016,Microsoft-Windows-DistributedCOM
32724,3,2026-07-13 16:07:48.177761+00:00,10016,Microsoft-Windows-DistributedCOM
32725,3,2026-07-13 16:07:48.253141+00:00,10016,Microsoft-Windows-DistributedCOM
32726,3,2026-07-13 16:07:50.411051+00:00,10016,Microsoft-Windows-DistributedCOM
32727,3,2026-07-13 16:07:50.414051+00:00,10016,Microsoft-Windows-DistributedCOM
32731,3,2026-07-13 16:27:07.559587+00:00,10016,Microsoft-Windows-DistributedCOM
32740,2,2026-07-13 16:27:42.887482+00:00,20,Microsoft-Windows-WindowsUpdateClient
32743,2,2026-07-13 16:27:57.792986+00:00,20,Microsoft-Windows-WindowsUpdateClient
32751,3,2026-07-13 19:48:00.639772+00:00,10016,Microsoft-Windows-DistributedCOM
32756,2,2026-07-13 19:48:13.906988+00:00,20,Microsoft-Windows-WindowsUpdateClient
32759,2,2026-07-13 19:48:18.532499+00:00,20,Microsoft-Windows-WindowsUpdateClient
32766,2,2026-07-13 19:48:57.001104+00:00,20,Microsoft-Windows-WindowsUpdateClient
32788,3,2026-07-14 17:17:18.520935+00:00,34,BTHUSB
32794,3,2026-07-14 17:17:19.762884+00:00,134,Microsoft-Windows-Time-Service
32840,3,2026-07-14 17:18:07.752392+00:00,10016,Microsoft-Windows-DistributedCOM
32848,3,2026-07-14 17:19:35.842289+00:00,10016,Microsoft-Windows-DistributedCOM
32849,3,2026-07-14 17:19:35.878826+00:00,10016,Microsoft-Windows-DistributedCOM
32850,3,2026-07-14 17:19:35.929893+00:00,10016,Microsoft-Windows-DistributedCOM
32851,3,2026-07-14 17:19:38.110106+00:00,10016,Microsoft-Windows-DistributedCOM
32852,3,2026-07-14 17:19:38.180305+00:00,10016,Microsoft-Windows-DistributedCOM
32853,2,2026-07-14 17:20:01.833212+00:00,10010,Microsoft-Windows-DistributedCOM
32858,3,2026-07-14 17:33:45.968893+00:00,10016,Microsoft-Windows-DistributedCOM
32868,3,2026-07-14 18:18:56.386236+00:00,10016,Microsoft-Windows-DistributedCOM
32917,3,2026-07-14 20:18:09.821686+00:00,10016,Microsoft-Windows-DistributedCOM
32918,3,2026-07-14 20:18:09.850685+00:00,10016,Microsoft-Windows-DistributedCOM
32919,3,2026-07-14 20:18:09.933899+00:00,10016,Microsoft-Windows-DistributedCOM
32920,3,2026-07-14 20:18:11.592007+00:00,10016,Microsoft-Windows-DistributedCOM
32921,3,2026-07-14 20:18:11.622089+00:00,10016,Microsoft-Windows-DistributedCOM
32922,3,2026-07-14 20:18:11.667091+00:00,10016,Microsoft-Windows-DistributedCOM
32929,3,2026-07-14 21:25:48.919237+00:00,10016,Microsoft-Windows-DistributedCOM
32936,3,2026-07-14 21:32:06.384470+00:00,10016,Microsoft-Windows-DistributedCOM
32950,2,2026-07-14 21:33:35.343229+00:00,20,Microsoft-Windows-WindowsUpdateClient
33092,3,2026-07-15 00:08:09.775734+00:00,34,BTHUSB
33181,2,2026-07-15 00:08:30.761856+00:00,1040,Microsoft-Windows-TPM-WMI
33282,3,2026-07-15 00:10:10.926294+00:00,34,BTHUSB
33339,2,2026-07-15 00:10:19.039099+00:00,1040,Microsoft-Windows-TPM-WMI
33433,3,2026-07-15 00:10:49.513893+00:00,34,BTHUSB
33493,2,2026-07-15 00:10:56.430290+00:00,1040,Microsoft-Windows-TPM-WMI
33521,3,2026-07-15 00:11:09.271383+00:00,10016,Microsoft-Windows-DistributedCOM
33588,3,2026-07-15 13:28:37.477581+00:00,34,BTHUSB
33638,3,2026-07-15 13:28:42.699217+00:00,10016,Microsoft-Windows-DistributedCOM
33643,2,2026-07-15 13:28:45.648842+00:00,1040,Microsoft-Windows-TPM-WMI
33660,3,2026-07-15 13:29:30.218485+00:00,10016,Microsoft-Windows-DistributedCOM
33661,3,2026-07-15 13:29:30.218485+00:00,10016,Microsoft-Windows-DistributedCOM
33667,3,2026-07-15 13:30:27.646095+00:00,10016,Microsoft-Windows-DistributedCOM
33696,3,2026-07-15 13:30:53.542973+00:00,10016,Microsoft-Windows-DistributedCOM
33697,3,2026-07-15 13:30:53.543972+00:00,10016,Microsoft-Windows-DistributedCOM
33698,3,2026-07-15 13:30:53.544975+00:00,10016,Microsoft-Windows-DistributedCOM
33731,3,2026-07-15 13:31:38.411522+00:00,10016,Microsoft-Windows-DistributedCOM
33735,3,2026-07-15 13:37:12.360441+00:00,10016,Microsoft-Windows-DistributedCOM
33736,3,2026-07-15 13:37:17.558329+00:00,10016,Microsoft-Windows-DistributedCOM
33737,3,2026-07-15 13:37:17.612329+00:00,10016,Microsoft-Windows-DistributedCOM
33738,3,2026-07-15 13:37:17.648329+00:00,10016,Microsoft-Windows-DistributedCOM
33739,3,2026-07-15 13:37:19.859318+00:00,10016,Microsoft-Windows-DistributedCOM
33740,3,2026-07-15 13:39:36.570951+00:00,10016,Microsoft-Windows-DistributedCOM
33749,3,2026-07-15 14:20:09.922562+00:00,10016,Microsoft-Windows-DistributedCOM
33753,3,2026-07-15 15:13:43.447355+00:00,10016,Microsoft-Windows-DistributedCOM
33772,3,2026-07-15 18:04:00.522018+00:00,34,BTHUSB
33810,3,2026-07-15 18:04:43.790009+00:00,10016,Microsoft-Windows-DistributedCOM
33811,3,2026-07-15 18:04:43.814007+00:00,10016,Microsoft-Windows-DistributedCOM
33812,3,2026-07-15 18:04:44.075233+00:00,10016,Microsoft-Windows-DistributedCOM
33813,3,2026-07-15 18:04:45.419050+00:00,10016,Microsoft-Windows-DistributedCOM
33814,3,2026-07-15 18:04:45.446049+00:00,10016,Microsoft-Windows-DistributedCOM
33815,3,2026-07-15 18:04:45.499100+00:00,10016,Microsoft-Windows-DistributedCOM
33819,3,2026-07-15 18:06:01.129259+00:00,10016,Microsoft-Windows-DistributedCOM
33820,3,2026-07-15 18:06:01.162424+00:00,10016,Microsoft-Windows-DistributedCOM
33821,3,2026-07-15 18:06:01.207523+00:00,10016,Microsoft-Windows-DistributedCOM
33822,3,2026-07-15 18:06:03.449350+00:00,10016,Microsoft-Windows-DistributedCOM
33823,3,2026-07-15 18:06:03.475851+00:00,10016,Microsoft-Windows-DistributedCOM
33824,3,2026-07-15 18:14:04.028191+00:00,10016,Microsoft-Windows-DistributedCOM
33840,3,2026-07-16 13:23:31.523682+00:00,34,BTHUSB
33846,3,2026-07-16 13:23:32.515442+00:00,134,Microsoft-Windows-Time-Service
33897,3,2026-07-16 13:34:35.950706+00:00,10016,Microsoft-Windows-DistributedCOM
33933,2,2026-07-16 13:39:51.992046+00:00,20,Microsoft-Windows-WindowsUpdateClient
33946,3,2026-07-16 16:05:33.131107+00:00,10016,Microsoft-Windows-DistributedCOM
33947,3,2026-07-16 16:05:33.155622+00:00,10016,Microsoft-Windows-DistributedCOM
33948,3,2026-07-16 16:05:33.234623+00:00,10016,Microsoft-Windows-DistributedCOM
33949,3,2026-07-16 16:05:35.397943+00:00,10016,Microsoft-Windows-DistributedCOM
33950,3,2026-07-16 16:05:35.454943+00:00,10016,Microsoft-Windows-DistributedCOM
33956,3,2026-07-16 18:14:46.707903+00:00,10016,Microsoft-Windows-DistributedCOM
33957,3,2026-07-16 18:17:07.321274+00:00,10016,Microsoft-Windows-DistributedCOM
33958,3,2026-07-16 18:17:07.349270+00:00,10016,Microsoft-Windows-DistributedCOM
33959,3,2026-07-16 18:17:07.399689+00:00,10016,Microsoft-Windows-DistributedCOM
33960,3,2026-07-16 18:17:08.664633+00:00,10016,Microsoft-Windows-DistributedCOM
33961,3,2026-07-16 18:17:08.691635+00:00,10016,Microsoft-Windows-DistributedCOM
33962,3,2026-07-16 18:17:08.735634+00:00,10016,Microsoft-Windows-DistributedCOM
34038,3,2026-07-16 23:10:25.985825+00:00,10016,Microsoft-Windows-DistributedCOM
34047,3,2026-07-17 02:38:17.176222+00:00,10016,Microsoft-Windows-DistributedCOM
34067,3,2026-07-17 15:55:39.537424+00:00,34,BTHUSB
34115,3,2026-07-17 16:07:01.175098+00:00,10016,Microsoft-Windows-DistributedCOM
34116,3,2026-07-17 16:07:01.208099+00:00,10016,Microsoft-Windows-DistributedCOM
34117,3,2026-07-17 16:07:01.232100+00:00,10016,Microsoft-Windows-DistributedCOM
34118,3,2026-07-17 16:07:03.725883+00:00,10016,Microsoft-Windows-DistributedCOM
34119,3,2026-07-17 16:07:03.730881+00:00,10016,Microsoft-Windows-DistributedCOM
34120,3,2026-07-17 16:11:18.164356+00:00,10016,Microsoft-Windows-DistributedCOM
34127,3,2026-07-17 16:41:52.549212+00:00,10016,Microsoft-Windows-DistributedCOM
34141,2,2026-07-17 16:42:41.194620+00:00,20,Microsoft-Windows-WindowsUpdateClient
34161,3,2026-07-17 19:46:59.349422+00:00,10016,Microsoft-Windows-DistributedCOM
34163,3,2026-07-17 20:33:41.296345+00:00,4266,Tcpip
34180,3,2026-07-18 21:17:03.537029+00:00,34,BTHUSB
34187,3,2026-07-18 21:17:04.552868+00:00,134,Microsoft-Windows-Time-Service
34272,3,2026-07-18 21:18:00.002480+00:00,10016,Microsoft-Windows-DistributedCOM
34280,3,2026-07-18 21:18:35.826641+00:00,10016,Microsoft-Windows-DistributedCOM
34281,3,2026-07-18 21:18:35.887890+00:00,10016,Microsoft-Windows-DistributedCOM
34282,3,2026-07-18 21:18:35.921396+00:00,10016,Microsoft-Windows-DistributedCOM
34283,3,2026-07-18 21:18:38.156528+00:00,10016,Microsoft-Windows-DistributedCOM
34284,3,2026-07-18 21:18:38.156528+00:00,10016,Microsoft-Windows-DistributedCOM
34294,3,2026-07-18 21:23:29.426008+00:00,10016,Microsoft-Windows-DistributedCOM
34311,3,2026-07-18 21:33:13.373051+00:00,10016,Microsoft-Windows-DistributedCOM
34315,2,2026-07-18 21:33:20.101479+00:00,20,Microsoft-Windows-WindowsUpdateClient
34340,3,2026-07-20 14:11:30.550600+00:00,34,BTHUSB
34347,3,2026-07-20 14:11:31.532099+00:00,134,Microsoft-Windows-Time-Service
34382,3,2026-07-20 14:11:47.889240+00:00,10016,Microsoft-Windows-DistributedCOM
34383,3,2026-07-20 14:11:51.173622+00:00,10016,Microsoft-Windows-DistributedCOM
34384,3,2026-07-20 14:11:51.200766+00:00,10016,Microsoft-Windows-DistributedCOM
34385,3,2026-07-20 14:11:51.249020+00:00,10016,Microsoft-Windows-DistributedCOM
34386,3,2026-07-20 14:11:53.355871+00:00,10016,Microsoft-Windows-DistributedCOM
34387,3,2026-07-20 14:11:53.388559+00:00,10016,Microsoft-Windows-DistributedCOM
34388,3,2026-07-20 14:11:53.450180+00:00,10016,Microsoft-Windows-DistributedCOM
34415,3,2026-07-20 14:17:58.352425+00:00,10016,Microsoft-Windows-DistributedCOM
34416,3,2026-07-20 14:17:58.425423+00:00,10016,Microsoft-Windows-DistributedCOM
34417,3,2026-07-20 14:17:58.456423+00:00,10016,Microsoft-Windows-DistributedCOM
34418,3,2026-07-20 14:18:01.079561+00:00,10016,Microsoft-Windows-DistributedCOM
34419,3,2026-07-20 14:18:02.330168+00:00,10016,Microsoft-Windows-DistributedCOM
34424,3,2026-07-20 14:22:41.445700+00:00,10016,Microsoft-Windows-DistributedCOM
34442,3,2026-07-20 16:06:40.097061+00:00,10016,Microsoft-Windows-DistributedCOM
34443,3,2026-07-20 16:06:40.127062+00:00,10016,Microsoft-Windows-DistributedCOM
34444,3,2026-07-20 16:06:40.227352+00:00,10016,Microsoft-Windows-DistributedCOM
34445,3,2026-07-20 16:06:42.384842+00:00,10016,Microsoft-Windows-DistributedCOM
34446,3,2026-07-20 16:06:42.424845+00:00,10016,Microsoft-Windows-DistributedCOM
34447,3,2026-07-20 17:21:55.089607+00:00,10016,Microsoft-Windows-DistributedCOM
34450,2,2026-07-20 17:21:58.347631+00:00,20,Microsoft-Windows-WindowsUpdateClient
34466,3,2026-07-21 01:10:46.492435+00:00,34,BTHUSB
34468,3,2026-07-21 01:10:47.593044+00:00,134,Microsoft-Windows-Time-Service
34557,3,2026-07-21 01:11:51.701262+00:00,10016,Microsoft-Windows-DistributedCOM
34568,3,2026-07-21 01:36:13.501818+00:00,4266,Tcpip
34571,3,2026-07-21 04:46:08.201319+00:00,10016,Microsoft-Windows-DistributedCOM
34591,3,2026-07-21 16:02:42.488443+00:00,34,BTHUSB
34637,3,2026-07-21 16:03:30.739155+00:00,10016,Microsoft-Windows-DistributedCOM
34642,3,2026-07-21 19:34:29.686689+00:00,10016,Microsoft-Windows-DistributedCOM
34647,3,2026-07-21 20:07:47.325836+00:00,10016,Microsoft-Windows-DistributedCOM
34648,3,2026-07-21 20:07:47.364420+00:00,10016,Microsoft-Windows-DistributedCOM
34649,3,2026-07-21 20:07:47.440149+00:00,10016,Microsoft-Windows-DistributedCOM
34650,3,2026-07-21 20:07:49.563929+00:00,10016,Microsoft-Windows-DistributedCOM
34651,3,2026-07-21 20:07:49.606079+00:00,10016,Microsoft-Windows-DistributedCOM
34652,3,2026-07-21 20:07:49.675119+00:00,10016,Microsoft-Windows-DistributedCOM
34654,3,2026-07-21 20:10:10.850485+00:00,10016,Microsoft-Windows-DistributedCOM
34655,3,2026-07-21 20:10:10.910498+00:00,10016,Microsoft-Windows-DistributedCOM
34656,3,2026-07-21 20:10:10.950590+00:00,10016,Microsoft-Windows-DistributedCOM
34657,3,2026-07-21 20:10:13.074799+00:00,10016,Microsoft-Windows-DistributedCOM
34658,3,2026-07-21 20:10:14.380095+00:00,10016,Microsoft-Windows-DistributedCOM
34662,3,2026-07-21 20:47:58.199562+00:00,10016,Microsoft-Windows-DistributedCOM
34669,3,2026-07-21 21:20:13.842485+00:00,10016,Microsoft-Windows-DistributedCOM
34675,2,2026-07-21 21:20:22.169716+00:00,20,Microsoft-Windows-WindowsUpdateClient
34681,2,2026-07-21 21:20:52.529633+00:00,20,Microsoft-Windows-WindowsUpdateClient
34696,3,2026-07-22 00:37:52.534306+00:00,34,BTHUSB
34754,3,2026-07-22 13:36:14.382406+00:00,134,Microsoft-Windows-Time-Service
34756,3,2026-07-22 13:36:14.487925+00:00,34,BTHUSB
34786,2,2026-07-22 13:38:19.259811+00:00,10010,Microsoft-Windows-DistributedCOM
34796,3,2026-07-22 13:51:49.433971+00:00,10016,Microsoft-Windows-DistributedCOM
34803,3,2026-07-22 17:05:32.733936+00:00,10016,Microsoft-Windows-DistributedCOM
34810,3,2026-07-22 19:35:01.312044+00:00,10016,Microsoft-Windows-DistributedCOM
34811,3,2026-07-22 19:35:01.337044+00:00,10016,Microsoft-Windows-DistributedCOM
34812,3,2026-07-22 19:35:01.632299+00:00,10016,Microsoft-Windows-DistributedCOM
34813,3,2026-07-22 19:35:03.364450+00:00,10016,Microsoft-Windows-DistributedCOM
34814,3,2026-07-22 19:35:03.390451+00:00,10016,Microsoft-Windows-DistributedCOM
34815,3,2026-07-22 19:35:03.452370+00:00,10016,Microsoft-Windows-DistributedCOM
34819,3,2026-07-22 19:37:11.081615+00:00,10016,Microsoft-Windows-DistributedCOM
34820,3,2026-07-22 19:37:11.128002+00:00,10016,Microsoft-Windows-DistributedCOM
34821,3,2026-07-22 19:37:11.174175+00:00,10016,Microsoft-Windows-DistributedCOM
34822,3,2026-07-22 19:37:13.392582+00:00,10016,Microsoft-Windows-DistributedCOM
34823,3,2026-07-22 19:37:13.456396+00:00,10016,Microsoft-Windows-DistributedCOM
34833,3,2026-07-22 19:56:11.640083+00:00,10016,Microsoft-Windows-DistributedCOM
34839,3,2026-07-22 23:35:48.531874+00:00,34,BTHUSB
34921,3,2026-07-23 00:50:57.943356+00:00,4266,Tcpip
34930,3,2026-07-23 03:23:24.575657+00:00,10016,Microsoft-Windows-DistributedCOM
34936,3,2026-07-23 14:26:56.494556+00:00,34,BTHUSB
34998,3,2026-07-23 16:31:13.386545+00:00,10016,Microsoft-Windows-DistributedCOM
35004,3,2026-07-23 18:58:49.536345+00:00,34,BTHUSB
35006,3,2026-07-23 18:58:50.464352+00:00,134,Microsoft-Windows-Time-Service
35035,3,2026-07-23 18:58:52.341150+00:00,134,Microsoft-Windows-Time-Service
35095,3,2026-07-23 19:02:44.154533+00:00,10016,Microsoft-Windows-DistributedCOM
35096,3,2026-07-23 19:02:44.189119+00:00,10016,Microsoft-Windows-DistributedCOM
35097,3,2026-07-23 19:02:44.218653+00:00,10016,Microsoft-Windows-DistributedCOM
35098,3,2026-07-23 19:02:46.454769+00:00,10016,Microsoft-Windows-DistributedCOM
35099,3,2026-07-23 19:02:47.266870+00:00,10016,Microsoft-Windows-DistributedCOM
35104,3,2026-07-23 20:08:14.506050+00:00,10016,Microsoft-Windows-DistributedCOM
35105,3,2026-07-23 20:08:14.533052+00:00,10016,Microsoft-Windows-DistributedCOM
35106,3,2026-07-23 20:08:14.582052+00:00,10016,Microsoft-Windows-DistributedCOM
35107,3,2026-07-23 20:08:16.162066+00:00,10016,Microsoft-Windows-DistributedCOM
35108,3,2026-07-23 20:08:16.195204+00:00,10016,Microsoft-Windows-DistributedCOM
35109,3,2026-07-23 20:08:16.241213+00:00,10016,Microsoft-Windows-DistributedCOM
35112,3,2026-07-24 00:22:53.950146+00:00,10016,Microsoft-Windows-DistributedCOM
35123,3,2026-07-24 03:24:14.434326+00:00,10016,Microsoft-Windows-DistributedCOM
35137,3,2026-07-24 05:09:25.353014+00:00,10016,Microsoft-Windows-DistributedCOM
35143,3,2026-07-24 14:55:13.505753+00:00,34,BTHUSB
35192,3,2026-07-24 15:29:47.610977+00:00,10016,Microsoft-Windows-DistributedCOM
35196,3,2026-07-24 15:34:11.119150+00:00,10016,Microsoft-Windows-DistributedCOM
35197,3,2026-07-24 15:34:11.158777+00:00,10016,Microsoft-Windows-DistributedCOM
35198,3,2026-07-24 15:34:11.212608+00:00,10016,Microsoft-Windows-DistributedCOM
35199,3,2026-07-24 15:34:13.642303+00:00,10016,Microsoft-Windows-DistributedCOM
35200,3,2026-07-24 15:34:13.678442+00:00,10016,Microsoft-Windows-DistributedCOM
35201,3,2026-07-24 15:34:13.738958+00:00,10016,Microsoft-Windows-DistributedCOM
35204,3,2026-07-24 16:04:31.688028+00:00,10016,Microsoft-Windows-DistributedCOM
35207,3,2026-07-24 16:06:36.199202+00:00,10016,Microsoft-Windows-DistributedCOM
35208,3,2026-07-24 16:06:36.235853+00:00,10016,Microsoft-Windows-DistributedCOM
35209,3,2026-07-24 16:06:36.321711+00:00,10016,Microsoft-Windows-DistributedCOM
35210,3,2026-07-24 16:06:38.757027+00:00,10016,Microsoft-Windows-DistributedCOM
35211,3,2026-07-24 16:06:45.322615+00:00,10016,Microsoft-Windows-DistributedCOM
35228,3,2026-07-24 17:14:41.666674+00:00,10016,Microsoft-Windows-DistributedCOM
35233,2,2026-07-24 17:14:49.608328+00:00,20,Microsoft-Windows-WindowsUpdateClient
35244,2,2026-07-24 17:15:11.334665+00:00,20,Microsoft-Windows-WindowsUpdateClient
35259,3,2026-07-24 22:32:07.503983+00:00,34,BTHUSB
35292,3,2026-07-25 00:13:51.149435+00:00,10016,Microsoft-Windows-DistributedCOM
35298,3,2026-07-25 00:59:22.354559+00:00,10016,Microsoft-Windows-DistributedCOM
35303,2,2026-07-25 00:59:29.074673+00:00,20,Microsoft-Windows-WindowsUpdateClient
35306,2,2026-07-25 00:59:37.002810+00:00,20,Microsoft-Windows-WindowsUpdateClient
35310,2,2026-07-25 00:59:47.764900+00:00,20,Microsoft-Windows-WindowsUpdateClient
35349,2,2026-07-25 03:37:16.894081+00:00,10010,Microsoft-Windows-DistributedCOM
35350,3,2026-07-25 03:44:44.301670+00:00,10016,Microsoft-Windows-DistributedCOM
35356,3,2026-07-25 07:29:14.519743+00:00,10016,Microsoft-Windows-DistributedCOM
35357,3,2026-07-25 07:44:14.893570+00:00,10016,Microsoft-Windows-DistributedCOM
35377,3,2026-07-25 17:15:03.862192+00:00,10016,Microsoft-Windows-DistributedCOM
35384,3,2026-07-25 17:36:05.296724+00:00,10016,Microsoft-Windows-DistributedCOM
35385,3,2026-07-25 17:36:05.338749+00:00,10016,Microsoft-Windows-DistributedCOM
35386,3,2026-07-25 17:36:05.389725+00:00,10016,Microsoft-Windows-DistributedCOM
35387,3,2026-07-25 17:36:07.585955+00:00,10016,Microsoft-Windows-DistributedCOM
35388,3,2026-07-25 17:36:07.645956+00:00,10016,Microsoft-Windows-DistributedCOM
35404,3,2026-07-25 23:56:22.526262+00:00,34,BTHUSB
35434,3,2026-07-25 23:56:34.003889+00:00,10016,Microsoft-Windows-DistributedCOM
35467,3,2026-07-26 19:01:12.498297+00:00,34,BTHUSB
35514,3,2026-07-26 19:01:40.994610+00:00,10016,Microsoft-Windows-DistributedCOM
35527,3,2026-07-26 19:03:43.527584+00:00,10016,Microsoft-Windows-DistributedCOM
35528,3,2026-07-26 19:03:43.677843+00:00,10016,Microsoft-Windows-DistributedCOM
35529,3,2026-07-26 19:03:43.708834+00:00,10016,Microsoft-Windows-DistributedCOM
35530,3,2026-07-26 19:03:46.088327+00:00,10016,Microsoft-Windows-DistributedCOM
35531,3,2026-07-26 19:03:47.307449+00:00,10016,Microsoft-Windows-DistributedCOM
35533,3,2026-07-26 19:07:43.022463+00:00,10016,Microsoft-Windows-DistributedCOM
35541,2,2026-07-26 19:07:50.012848+00:00,20,Microsoft-Windows-WindowsUpdateClient
35549,3,2026-07-26 19:13:59.329805+00:00,10016,Microsoft-Windows-DistributedCOM
35568,2,2026-07-26 23:56:28.146032+00:00,6008,EventLog
35596,1,2026-07-26 23:56:19.522940+00:00,41,Microsoft-Windows-Kernel-Power
35648,3,2026-07-26 23:56:23.686169+00:00,34,BTHUSB
35680,3,2026-07-26 23:56:28.563663+00:00,10016,Microsoft-Windows-DistributedCOM
35714,2,2026-07-26 23:56:31.837160+00:00,1040,Microsoft-Windows-TPM-WMI
35727,3,2026-07-26 23:56:50.099964+00:00,10016,Microsoft-Windows-DistributedCOM
35728,3,2026-07-26 23:56:50.103199+00:00,10016,Microsoft-Windows-DistributedCOM
35743,2,2026-07-26 23:57:11.931471+00:00,7009,Service Control Manager
35744,2,2026-07-26 23:57:11.939651+00:00,7000,Service Control Manager
35745,3,2026-07-26 23:57:23.926296+00:00,10016,Microsoft-Windows-DistributedCOM
35748,3,2026-07-26 23:57:34.732588+00:00,10016,Microsoft-Windows-DistributedCOM
35749,3,2026-07-26 23:57:37.099600+00:00,10016,Microsoft-Windows-DistributedCOM
35783,3,2026-07-26 23:58:24.113552+00:00,10016,Microsoft-Windows-DistributedCOM
35784,3,2026-07-26 23:58:39.293772+00:00,10016,Microsoft-Windows-DistributedCOM
35785,3,2026-07-26 23:58:39.294771+00:00,10016,Microsoft-Windows-DistributedCOM
35786,3,2026-07-26 23:58:39.294771+00:00,10016,Microsoft-Windows-DistributedCOM
35793,3,2026-07-27 00:06:46.291035+00:00,10016,Microsoft-Windows-DistributedCOM
35797,3,2026-07-27 00:08:52.438173+00:00,10016,Microsoft-Windows-DistributedCOM
35800,3,2026-07-27 00:08:59.757961+00:00,10016,Microsoft-Windows-DistributedCOM
35801,3,2026-07-27 00:08:59.838659+00:00,10016,Microsoft-Windows-DistributedCOM
35802,3,2026-07-27 00:08:59.921106+00:00,10016,Microsoft-Windows-DistributedCOM
35803,3,2026-07-27 00:09:02.078531+00:00,10016,Microsoft-Windows-DistributedCOM
35826,2,2026-07-27 03:13:53.443016+00:00,10010,Microsoft-Windows-DistributedCOM
35827,2,2026-07-27 03:13:53.522459+00:00,10010,Microsoft-Windows-DistributedCOM
35835,3,2026-07-27 14:52:02.901711+00:00,34,BTHUSB
35846,3,2026-07-27 14:52:05.479767+00:00,10016,Microsoft-Windows-DistributedCOM
35847,3,2026-07-27 14:52:05.481775+00:00,10016,Microsoft-Windows-DistributedCOM
35849,2,2026-07-27 14:52:12.489662+00:00,1040,Microsoft-Windows-TPM-WMI
35885,3,2026-07-27 14:53:01.401209+00:00,10016,Microsoft-Windows-DistributedCOM
35887,3,2026-07-27 14:54:18.431644+00:00,10016,Microsoft-Windows-DistributedCOM
35889,3,2026-07-27 15:00:33.385679+00:00,10016,Microsoft-Windows-DistributedCOM
35891,3,2026-07-27 15:04:06.521233+00:00,10016,Microsoft-Windows-DistributedCOM
35892,3,2026-07-27 15:04:13.039238+00:00,10016,Microsoft-Windows-DistributedCOM
35893,3,2026-07-27 15:04:13.073235+00:00,10016,Microsoft-Windows-DistributedCOM
35894,3,2026-07-27 15:04:13.117243+00:00,10016,Microsoft-Windows-DistributedCOM
35895,3,2026-07-27 15:04:15.277130+00:00,10016,Microsoft-Windows-DistributedCOM
35896,3,2026-07-27 15:08:16.292477+00:00,10016,Microsoft-Windows-DistributedCOM
35905,3,2026-07-27 16:28:24.013704+00:00,10016,Microsoft-Windows-DistributedCOM
35906,3,2026-07-27 16:28:24.042231+00:00,10016,Microsoft-Windows-DistributedCOM
35907,3,2026-07-27 16:28:24.096947+00:00,10016,Microsoft-Windows-DistributedCOM
35908,3,2026-07-27 16:28:26.220966+00:00,10016,Microsoft-Windows-DistributedCOM
35909,3,2026-07-27 16:28:26.240528+00:00,10016,Microsoft-Windows-DistributedCOM
35914,3,2026-07-27 16:32:51.510727+00:00,10016,Microsoft-Windows-DistributedCOM
35981,3,2026-07-28 00:22:50.114042+00:00,10016,Microsoft-Windows-DistributedCOM
36002,3,2026-07-28 02:08:53.442984+00:00,10016,Microsoft-Windows-DistributedCOM
36012,3,2026-07-28 04:10:51.933926+00:00,10016,Microsoft-Windows-DistributedCOM
36021,2,2026-07-28 04:11:15.943127+00:00,20,Microsoft-Windows-WindowsUpdateClient
36027,2,2026-07-28 04:11:26.980268+00:00,20,Microsoft-Windows-WindowsUpdateClient
36041,3,2026-07-28 13:33:45.522085+00:00,34,BTHUSB
36055,3,2026-07-28 15:35:16.709846+00:00,10016,Microsoft-Windows-DistributedCOM
36075,3,2026-07-28 15:52:07.140697+00:00,10016,Microsoft-Windows-DistributedCOM
36094,3,2026-07-28 16:05:55.949789+00:00,10016,Microsoft-Windows-DistributedCOM
36095,3,2026-07-28 16:05:55.989790+00:00,10016,Microsoft-Windows-DistributedCOM
36096,3,2026-07-28 16:05:56.014793+00:00,10016,Microsoft-Windows-DistributedCOM
36097,3,2026-07-28 16:05:58.917624+00:00,10016,Microsoft-Windows-DistributedCOM
36098,3,2026-07-28 16:05:58.974184+00:00,10016,Microsoft-Windows-DistributedCOM
36101,3,2026-07-28 16:35:29.276381+00:00,10016,Microsoft-Windows-DistributedCOM
36109,3,2026-07-28 19:24:46.911243+00:00,10016,Microsoft-Windows-DistributedCOM
36119,2,2026-07-28 20:08:47.808290+00:00,6008,EventLog
36145,1,2026-07-28 20:08:41.070105+00:00,41,Microsoft-Windows-Kernel-Power
36165,3,2026-07-28 20:08:43.081041+00:00,34,BTHUSB
36198,3,2026-07-28 20:08:47.957842+00:00,10016,Microsoft-Windows-DistributedCOM
36221,2,2026-07-28 20:08:51.492533+00:00,1040,Microsoft-Windows-TPM-WMI
36227,3,2026-07-28 20:08:55.358932+00:00,10016,Microsoft-Windows-DistributedCOM
36228,3,2026-07-28 20:08:55.358932+00:00,10016,Microsoft-Windows-DistributedCOM
36233,3,2026-07-28 20:09:15.676012+00:00,10016,Microsoft-Windows-DistributedCOM
36234,3,2026-07-28 20:09:20.179199+00:00,10016,Microsoft-Windows-DistributedCOM
36235,3,2026-07-28 20:09:21.300711+00:00,10016,Microsoft-Windows-DistributedCOM
36236,3,2026-07-28 20:09:21.680998+00:00,10016,Microsoft-Windows-DistributedCOM
36237,2,2026-07-28 20:09:25.829702+00:00,7009,Service Control Manager
36238,2,2026-07-28 20:09:25.829702+00:00,7000,Service Control Manager
36273,3,2026-07-28 20:09:33.520796+00:00,10016,Microsoft-Windows-DistributedCOM
36274,3,2026-07-28 20:09:46.778233+00:00,10016,Microsoft-Windows-DistributedCOM
36275,3,2026-07-28 20:10:00.921066+00:00,10016,Microsoft-Windows-DistributedCOM
36277,3,2026-07-28 20:10:54.661922+00:00,10016,Microsoft-Windows-DistributedCOM
36278,3,2026-07-28 20:10:54.661922+00:00,10016,Microsoft-Windows-DistributedCOM
36279,3,2026-07-28 20:10:54.661922+00:00,10016,Microsoft-Windows-DistributedCOM
36281,3,2026-07-28 20:12:54.984600+00:00,10016,Microsoft-Windows-DistributedCOM
36283,3,2026-07-28 20:14:53.005592+00:00,10016,Microsoft-Windows-DistributedCOM
36290,3,2026-07-28 20:20:56.662640+00:00,10016,Microsoft-Windows-DistributedCOM
36291,3,2026-07-28 20:20:56.687178+00:00,10016,Microsoft-Windows-DistributedCOM
36292,3,2026-07-28 20:20:56.746752+00:00,10016,Microsoft-Windows-DistributedCOM
36293,3,2026-07-28 20:20:59.918711+00:00,10016,Microsoft-Windows-DistributedCOM
36294,3,2026-07-28 20:21:05.729786+00:00,10016,Microsoft-Windows-DistributedCOM
36295,3,2026-07-28 20:21:05.804440+00:00,10016,Microsoft-Windows-DistributedCOM
36296,3,2026-07-28 20:21:05.863062+00:00,10016,Microsoft-Windows-DistributedCOM
36298,3,2026-07-28 20:21:07.721922+00:00,10016,Microsoft-Windows-DistributedCOM
36299,3,2026-07-28 20:21:07.759533+00:00,10016,Microsoft-Windows-DistributedCOM
36300,3,2026-07-28 20:21:07.939486+00:00,10016,Microsoft-Windows-DistributedCOM
36301,3,2026-07-28 20:21:08.349274+00:00,10016,Microsoft-Windows-DistributedCOM
36303,3,2026-07-28 20:24:20.506649+00:00,10016,Microsoft-Windows-DistributedCOM
36318,2,2026-07-28 23:18:34.848087+00:00,6008,EventLog
36336,1,2026-07-28 23:18:27.749079+00:00,41,Microsoft-Windows-Kernel-Power
36360,3,2026-07-28 23:18:31.466471+00:00,34,BTHUSB
36389,3,2026-07-28 23:18:35.015697+00:00,10016,Microsoft-Windows-DistributedCOM
36411,2,2026-07-28 23:18:38.663181+00:00,1040,Microsoft-Windows-TPM-WMI
36420,3,2026-07-28 23:20:00.113604+00:00,10016,Microsoft-Windows-DistributedCOM
36421,3,2026-07-28 23:20:00.113604+00:00,10016,Microsoft-Windows-DistributedCOM
36423,3,2026-07-28 23:20:25.897308+00:00,10016,Microsoft-Windows-DistributedCOM
36425,3,2026-07-28 23:20:30.199942+00:00,10016,Microsoft-Windows-DistributedCOM
36426,3,2026-07-28 23:20:40.343481+00:00,10016,Microsoft-Windows-DistributedCOM
36427,3,2026-07-28 23:20:40.343481+00:00,10016,Microsoft-Windows-DistributedCOM
36428,3,2026-07-28 23:20:40.343481+00:00,10016,Microsoft-Windows-DistributedCOM
36462,3,2026-07-28 23:21:00.786308+00:00,10016,Microsoft-Windows-DistributedCOM
36465,3,2026-07-28 23:28:47.930777+00:00,10016,Microsoft-Windows-DistributedCOM
36469,3,2026-07-28 23:32:03.897755+00:00,10016,Microsoft-Windows-DistributedCOM
36470,3,2026-07-28 23:32:11.886873+00:00,10016,Microsoft-Windows-DistributedCOM
36471,3,2026-07-28 23:32:11.953661+00:00,10016,Microsoft-Windows-DistributedCOM
36472,3,2026-07-28 23:32:11.998404+00:00,10016,Microsoft-Windows-DistributedCOM
36473,3,2026-07-28 23:32:14.094042+00:00,10016,Microsoft-Windows-DistributedCOM
36488,2,2026-07-28 23:49:52.616814+00:00,6008,EventLog
36506,1,2026-07-28 23:49:45.906094+00:00,41,Microsoft-Windows-Kernel-Power
36529,3,2026-07-28 23:49:49.623215+00:00,34,BTHUSB
36559,3,2026-07-28 23:49:52.961418+00:00,10016,Microsoft-Windows-DistributedCOM
36585,2,2026-07-29 00:31:39.715025+00:00,6008,EventLog
36611,1,2026-07-29 00:31:32.816885+00:00,41,Microsoft-Windows-Kernel-Power
36634,3,2026-07-29 00:31:36.521370+00:00,34,BTHUSB
36664,3,2026-07-29 00:31:39.900236+00:00,10016,Microsoft-Windows-DistributedCOM
36691,2,2026-07-29 00:31:43.816957+00:00,1040,Microsoft-Windows-TPM-WMI
36699,2,2026-07-29 00:32:07.535599+00:00,1040,Microsoft-Windows-TPM-WMI
36701,3,2026-07-29 00:32:07.704426+00:00,34,BTHUSB
36714,3,2026-07-29 00:32:19.818073+00:00,10016,Microsoft-Windows-DistributedCOM
36715,3,2026-07-29 00:32:19.818073+00:00,10016,Microsoft-Windows-DistributedCOM
36717,3,2026-07-29 00:32:39.536366+00:00,10016,Microsoft-Windows-DistributedCOM
36718,3,2026-07-29 00:32:44.057661+00:00,10016,Microsoft-Windows-DistributedCOM
36753,3,2026-07-29 00:33:13.670300+00:00,10016,Microsoft-Windows-DistributedCOM
36755,3,2026-07-29 00:34:03.768829+00:00,10016,Microsoft-Windows-DistributedCOM
36756,3,2026-07-29 00:34:03.768829+00:00,10016,Microsoft-Windows-DistributedCOM
36757,3,2026-07-29 00:34:03.768829+00:00,10016,Microsoft-Windows-DistributedCOM
36759,3,2026-07-29 00:35:05.181538+00:00,10016,Microsoft-Windows-DistributedCOM
36767,2,2026-07-29 01:53:13.304800+00:00,6008,EventLog
36793,1,2026-07-29 01:53:05.784033+00:00,41,Microsoft-Windows-Kernel-Power
36866,3,2026-07-29 01:53:16.868942+00:00,10016,Microsoft-Windows-DistributedCOM
36872,2,2026-07-29 01:53:18.212749+00:00,1040,Microsoft-Windows-TPM-WMI
36884,2,2026-07-29 01:53:53.496328+00:00,1040,Microsoft-Windows-TPM-WMI
36893,3,2026-07-29 01:55:37.258835+00:00,10016,Microsoft-Windows-DistributedCOM
36894,2,2026-07-29 01:59:32.613260+00:00,6008,EventLog
36926,1,2026-07-29 01:59:25.460152+00:00,41,Microsoft-Windows-Kernel-Power
36977,3,2026-07-29 01:59:32.961025+00:00,10016,Microsoft-Windows-DistributedCOM
36998,2,2026-07-29 01:59:36.361715+00:00,1040,Microsoft-Windows-TPM-WMI
37043,3,2026-07-29 02:01:37.787666+00:00,10016,Microsoft-Windows-DistributedCOM
37044,3,2026-07-29 02:01:37.788668+00:00,10016,Microsoft-Windows-DistributedCOM
37045,3,2026-07-29 02:01:37.788668+00:00,10016,Microsoft-Windows-DistributedCOM
37088,3,2026-07-29 02:08:45.345270+00:00,10016,Microsoft-Windows-DistributedCOM
37106,2,2026-07-29 02:14:19.313044+00:00,6008,EventLog
37132,1,2026-07-29 02:14:12.083490+00:00,41,Microsoft-Windows-Kernel-Power
37217,3,2026-07-29 02:14:19.582169+00:00,10016,Microsoft-Windows-DistributedCOM
37239,2,2026-07-29 02:14:23.268400+00:00,1040,Microsoft-Windows-TPM-WMI
37246,3,2026-07-29 02:15:04.169037+00:00,10016,Microsoft-Windows-DistributedCOM
37248,3,2026-07-29 02:15:08.673506+00:00,10016,Microsoft-Windows-DistributedCOM
37283,3,2026-07-29 02:15:24.025665+00:00,10016,Microsoft-Windows-DistributedCOM
37287,3,2026-07-29 02:16:24.002020+00:00,10016,Microsoft-Windows-DistributedCOM
37288,3,2026-07-29 02:16:24.003019+00:00,10016,Microsoft-Windows-DistributedCOM
37289,3,2026-07-29 02:16:24.003019+00:00,10016,Microsoft-Windows-DistributedCOM
37301,2,2026-07-29 02:21:23.328526+00:00,6008,EventLog
37327,1,2026-07-29 02:21:15.991577+00:00,41,Microsoft-Windows-Kernel-Power
37378,3,2026-07-29 02:21:23.434467+00:00,10016,Microsoft-Windows-DistributedCOM
37405,2,2026-07-29 02:21:44.224306+00:00,1040,Microsoft-Windows-TPM-WMI
37460,2,2026-07-29 02:22:08.472685+00:00,10010,Microsoft-Windows-DistributedCOM
37461,2,2026-07-29 02:22:09.912313+00:00,10010,Microsoft-Windows-DistributedCOM
37462,2,2026-07-29 02:22:10.907476+00:00,10010,Microsoft-Windows-DistributedCOM
37463,2,2026-07-29 02:22:10.923475+00:00,10010,Microsoft-Windows-DistributedCOM
37465,3,2026-07-29 02:22:13.135290+00:00,100,winsrvext
37503,3,2026-07-29 02:23:38.148848+00:00,219,Microsoft-Windows-Kernel-PnP
37506,3,2026-07-29 02:23:38.325245+00:00,219,Microsoft-Windows-Kernel-PnP
37507,3,2026-07-29 02:23:38.325327+00:00,219,Microsoft-Windows-Kernel-PnP
37510,3,2026-07-29 02:23:38.795338+00:00,219,Microsoft-Windows-Kernel-PnP
37511,3,2026-07-29 02:23:38.889912+00:00,219,Microsoft-Windows-Kernel-PnP
37535,2,2026-07-29 02:26:18.041746+00:00,6008,EventLog
37561,1,2026-07-29 02:26:11.040562+00:00,41,Microsoft-Windows-Kernel-Power
37612,3,2026-07-29 02:26:18.225376+00:00,10016,Microsoft-Windows-DistributedCOM
37639,2,2026-07-29 02:26:37.315483+00:00,1040,Microsoft-Windows-TPM-WMI
37680,3,2026-07-29 02:27:29.975706+00:00,10016,Microsoft-Windows-DistributedCOM
37681,3,2026-07-29 02:27:31.671804+00:00,10016,Microsoft-Windows-DistributedCOM
37682,3,2026-07-29 02:28:22.670517+00:00,10016,Microsoft-Windows-DistributedCOM
37683,3,2026-07-29 02:28:22.670517+00:00,10016,Microsoft-Windows-DistributedCOM
37684,3,2026-07-29 02:28:22.671518+00:00,10016,Microsoft-Windows-DistributedCOM
